{
    "args": {
        "model": "ChildSumTreeLSTM",
        "supervise_nodes": true,
        "batch_size": 512,
        "max_epochs": 50,
        "eval_every": 1,
        "patience": 5,
        "trainable_embeddings": false,
        "word_embeddings": "glove"
    },
    "metrics_summary": {
        "test_loss_mean": 0.23398,
        "test_loss_std": 0.00188,
        "test_accuracy_mean": 0.48839,
        "test_accuracy_std": 0.00405,
        "test_weighted_f1_mean": 0.47504,
        "test_weighted_f1_std": 0.00416,
        "test_macro_f1_mean": 0.46153,
        "test_macro_f1_std": 0.00629,
        "bin_0_1-5_loss_mean": 0.9553,
        "bin_0_1-5_loss_std": 0.00481,
        "bin_0_1-5_accuracy_mean": 0.55556,
        "bin_0_1-5_accuracy_std": 0.03,
        "bin_0_1-5_weighted_f1_mean": 0.55102,
        "bin_0_1-5_weighted_f1_std": 0.02724,
        "bin_0_1-5_macro_f1_mean": 0.52293,
        "bin_0_1-5_macro_f1_std": 0.02451,
        "bin_11_56-60_loss_mean": 2.03276,
        "bin_11_56-60_loss_std": 0.51325,
        "bin_11_56-60_accuracy_mean": 0.0,
        "bin_11_56-60_accuracy_std": 0.0,
        "bin_11_56-60_weighted_f1_mean": 0.0,
        "bin_11_56-60_weighted_f1_std": 0.0,
        "bin_11_56-60_macro_f1_mean": 0.0,
        "bin_11_56-60_macro_f1_std": 0.0,
        "bin_1_6-10_loss_mean": 1.04591,
        "bin_1_6-10_loss_std": 0.01303,
        "bin_1_6-10_accuracy_mean": 0.56759,
        "bin_1_6-10_accuracy_std": 0.00524,
        "bin_1_6-10_weighted_f1_mean": 0.56617,
        "bin_1_6-10_weighted_f1_std": 0.00546,
        "bin_1_6-10_macro_f1_mean": 0.54878,
        "bin_1_6-10_macro_f1_std": 0.00536,
        "bin_2_11-15_loss_mean": 1.1628,
        "bin_2_11-15_loss_std": 0.01805,
        "bin_2_11-15_accuracy_mean": 0.47797,
        "bin_2_11-15_accuracy_std": 0.00918,
        "bin_2_11-15_weighted_f1_mean": 0.45782,
        "bin_2_11-15_weighted_f1_std": 0.0099,
        "bin_2_11-15_macro_f1_mean": 0.43816,
        "bin_2_11-15_macro_f1_std": 0.01158,
        "bin_3_16-20_loss_mean": 1.14621,
        "bin_3_16-20_loss_std": 0.00955,
        "bin_3_16-20_accuracy_mean": 0.48919,
        "bin_3_16-20_accuracy_std": 0.01802,
        "bin_3_16-20_weighted_f1_mean": 0.4697,
        "bin_3_16-20_weighted_f1_std": 0.01784,
        "bin_3_16-20_macro_f1_mean": 0.45613,
        "bin_3_16-20_macro_f1_std": 0.0153,
        "bin_4_21-25_loss_mean": 1.26184,
        "bin_4_21-25_loss_std": 0.01562,
        "bin_4_21-25_accuracy_mean": 0.44167,
        "bin_4_21-25_accuracy_std": 0.00312,
        "bin_4_21-25_weighted_f1_mean": 0.41379,
        "bin_4_21-25_weighted_f1_std": 0.00445,
        "bin_4_21-25_macro_f1_mean": 0.39948,
        "bin_4_21-25_macro_f1_std": 0.01099,
        "bin_5_26-30_loss_mean": 1.2341,
        "bin_5_26-30_loss_std": 0.02835,
        "bin_5_26-30_accuracy_mean": 0.47273,
        "bin_5_26-30_accuracy_std": 0.02357,
        "bin_5_26-30_weighted_f1_mean": 0.45889,
        "bin_5_26-30_weighted_f1_std": 0.02721,
        "bin_5_26-30_macro_f1_mean": 0.42802,
        "bin_5_26-30_macro_f1_std": 0.03068,
        "bin_6_31-35_loss_mean": 1.22801,
        "bin_6_31-35_loss_std": 0.03308,
        "bin_6_31-35_accuracy_mean": 0.44671,
        "bin_6_31-35_accuracy_std": 0.03614,
        "bin_6_31-35_weighted_f1_mean": 0.41485,
        "bin_6_31-35_weighted_f1_std": 0.03768,
        "bin_6_31-35_macro_f1_mean": 0.40279,
        "bin_6_31-35_macro_f1_std": 0.04237,
        "bin_7_36-40_loss_mean": 1.24649,
        "bin_7_36-40_loss_std": 0.03251,
        "bin_7_36-40_accuracy_mean": 0.50222,
        "bin_7_36-40_accuracy_std": 0.00629,
        "bin_7_36-40_weighted_f1_mean": 0.44873,
        "bin_7_36-40_weighted_f1_std": 0.00567,
        "bin_7_36-40_macro_f1_mean": 0.42938,
        "bin_7_36-40_macro_f1_std": 0.00345,
        "bin_8_41-45_loss_mean": 1.28797,
        "bin_8_41-45_loss_std": 0.06679,
        "bin_8_41-45_accuracy_mean": 0.44872,
        "bin_8_41-45_accuracy_std": 0.04797,
        "bin_8_41-45_weighted_f1_mean": 0.40326,
        "bin_8_41-45_weighted_f1_std": 0.05219,
        "bin_8_41-45_macro_f1_mean": 0.4402,
        "bin_8_41-45_macro_f1_std": 0.04162,
        "bin_9_46-50_loss_mean": 1.30563,
        "bin_9_46-50_loss_std": 0.20395,
        "bin_9_46-50_accuracy_mean": 0.5,
        "bin_9_46-50_accuracy_std": 0.0,
        "bin_9_46-50_weighted_f1_mean": 0.51667,
        "bin_9_46-50_weighted_f1_std": 0.00786,
        "bin_9_46-50_macro_f1_mean": 0.33426,
        "bin_9_46-50_macro_f1_std": 0.03012
    },
    "max_epochs": [
        10,
        16,
        12
    ],
    "train_epoch_losses_list": [
        [
            0.7567979775497424,
            0.613371043231379,
            0.5833087338714719,
            0.5651049987064654,
            0.5502406271037548,
            0.5373559145953547,
            0.5266009959070149,
            0.5167371965536676,
            0.5073601649680608,
            0.49795723054703783,
            0.4899833305434255
        ],
        [
            0.7574851139796919,
            0.6129775998737891,
            0.583178846582374,
            0.5653410489103977,
            0.5501401182817928,
            0.5380946193036152,
            0.527248050871776,
            0.5167343034430849,
            0.5074004936665996,
            0.49868623937985895,
            0.490411015743381,
            0.4826435534886911,
            0.47659765633992,
            0.46986792783408843,
            0.4635277293937307,
            0.45823771367796895,
            0.4521724022983199
        ],
        [
            0.7550461448041113,
            0.6127557874378837,
            0.5837284583067857,
            0.5645380193172299,
            0.5496709048281626,
            0.5366558075324284,
            0.5257070255298196,
            0.5164042952381576,
            0.5068032273291049,
            0.49792440200635524,
            0.4898722097161044,
            0.48249045527410434,
            0.47569929578681136
        ]
    ],
    "val_epoch_metrics_list": [
        [
            {
                "loss": 0.41571545600891113,
                "accuracy": 0.4604904632152589,
                "weighted_f1": 0.4439087112513445,
                "macro_f1": 0.43652744698015145
            },
            {
                "loss": 0.4158693552017212,
                "accuracy": 0.47411444141689374,
                "weighted_f1": 0.45360872154812426,
                "macro_f1": 0.4541992330600115
            },
            {
                "loss": 0.4035602940453424,
                "accuracy": 0.4514078110808356,
                "weighted_f1": 0.433677816710399,
                "macro_f1": 0.43635855930936174
            },
            {
                "loss": 0.405017614364624,
                "accuracy": 0.4750227066303361,
                "weighted_f1": 0.4571055180548433,
                "macro_f1": 0.45112634942109275
            },
            {
                "loss": 0.4017638497882419,
                "accuracy": 0.47411444141689374,
                "weighted_f1": 0.4565388747244488,
                "macro_f1": 0.4461522650656752
            },
            {
                "loss": 0.4000297122531467,
                "accuracy": 0.47593097184377836,
                "weighted_f1": 0.46089865503462957,
                "macro_f1": 0.46068193323791357
            },
            {
                "loss": 0.4045227501127455,
                "accuracy": 0.47048138056312444,
                "weighted_f1": 0.44878091237468315,
                "macro_f1": 0.4387971372510112
            },
            {
                "loss": 0.3989422851138645,
                "accuracy": 0.46684831970935514,
                "weighted_f1": 0.44537226662743845,
                "macro_f1": 0.4398217750030528
            },
            {
                "loss": 0.40114770995246035,
                "accuracy": 0.46321525885558584,
                "weighted_f1": 0.4525972895346804,