{
    "args": {
        "model": "ChildSumTreeLSTM",
        "supervise_nodes": true,
        "batch_size": 512,
        "max_epochs": 50,
        "eval_every": 1,
        "patience": 5,
        "trainable_embeddings": true,
        "word_embeddings": "glove"
    },
    "metrics_summary": {
        "test_loss_mean": 0.25022,
        "test_loss_std": 0.00712,
        "test_accuracy_mean": 0.48235,
        "test_accuracy_std": 0.00559,
        "test_weighted_f1_mean": 0.47821,
        "test_weighted_f1_std": 0.00663,
        "test_macro_f1_mean": 0.46544,
        "test_macro_f1_std": 0.00555,
        "bin_0_1-5_loss_mean": 0.93872,
        "bin_0_1-5_loss_std": 0.00739,
        "bin_0_1-5_accuracy_mean": 0.59259,
        "bin_0_1-5_accuracy_std": 0.04293,
        "bin_0_1-5_weighted_f1_mean": 0.57651,
        "bin_0_1-5_weighted_f1_std": 0.04526,
        "bin_0_1-5_macro_f1_mean": 0.52401,
        "bin_0_1-5_macro_f1_std": 0.04637,
        "bin_11_56-60_loss_mean": 1.31529,
        "bin_11_56-60_loss_std": 0.1555,
        "bin_11_56-60_accuracy_mean": 0.0,
        "bin_11_56-60_accuracy_std": 0.0,
        "bin_11_56-60_weighted_f1_mean": 0.0,
        "bin_11_56-60_weighted_f1_std": 0.0,
        "bin_11_56-60_macro_f1_mean": 0.0,
        "bin_11_56-60_macro_f1_std": 0.0,
        "bin_1_6-10_loss_mean": 1.11296,
        "bin_1_6-10_loss_std": 0.04111,
        "bin_1_6-10_accuracy_mean": 0.56019,
        "bin_1_6-10_accuracy_std": 0.00571,
        "bin_1_6-10_weighted_f1_mean": 0.56242,
        "bin_1_6-10_weighted_f1_std": 0.00517,
        "bin_1_6-10_macro_f1_mean": 0.55484,
        "bin_1_6-10_macro_f1_std": 0.00538,
        "bin_2_11-15_loss_mean": 1.26169,
        "bin_2_11-15_loss_std": 0.06103,
        "bin_2_11-15_accuracy_mean": 0.4547,
        "bin_2_11-15_accuracy_std": 0.00512,
        "bin_2_11-15_weighted_f1_mean": 0.44855,
        "bin_2_11-15_weighted_f1_std": 0.00581,
        "bin_2_11-15_macro_f1_mean": 0.43315,
        "bin_2_11-15_macro_f1_std": 0.00878,
        "bin_3_16-20_loss_mean": 1.19919,
        "bin_3_16-20_loss_std": 0.02772,
        "bin_3_16-20_accuracy_mean": 0.49217,
        "bin_3_16-20_accuracy_std": 0.00316,
        "bin_3_16-20_weighted_f1_mean": 0.48146,
        "bin_3_16-20_weighted_f1_std": 0.00723,
        "bin_3_16-20_macro_f1_mean": 0.46883,
        "bin_3_16-20_macro_f1_std": 0.00713,
        "bin_4_21-25_loss_mean": 1.27524,
        "bin_4_21-25_loss_std": 0.02645,
        "bin_4_21-25_accuracy_mean": 0.45583,
        "bin_4_21-25_accuracy_std": 0.0123,
        "bin_4_21-25_weighted_f1_mean": 0.43961,
        "bin_4_21-25_weighted_f1_std": 0.01312,
        "bin_4_21-25_macro_f1_mean": 0.42244,
        "bin_4_21-25_macro_f1_std": 0.01084,
        "bin_5_26-30_loss_mean": 1.39915,
        "bin_5_26-30_loss_std": 0.04794,
        "bin_5_26-30_accuracy_mean": 0.44727,
        "bin_5_26-30_accuracy_std": 0.01653,
        "bin_5_26-30_weighted_f1_mean": 0.44022,
        "bin_5_26-30_weighted_f1_std": 0.01941,
        "bin_5_26-30_macro_f1_mean": 0.41147,
        "bin_5_26-30_macro_f1_std": 0.01721,
        "bin_6_31-35_loss_mean": 1.35415,
        "bin_6_31-35_loss_std": 0.03201,
        "bin_6_31-35_accuracy_mean": 0.4127,
        "bin_6_31-35_accuracy_std": 0.02505,
        "bin_6_31-35_weighted_f1_mean": 0.39568,
        "bin_6_31-35_weighted_f1_std": 0.02995,
        "bin_6_31-35_macro_f1_mean": 0.38167,
        "bin_6_31-35_macro_f1_std": 0.02333,
        "bin_7_36-40_loss_mean": 1.32178,
        "bin_7_36-40_loss_std": 0.05033,
        "bin_7_36-40_accuracy_mean": 0.49333,
        "bin_7_36-40_accuracy_std": 0.0,
        "bin_7_36-40_weighted_f1_mean": 0.47535,
        "bin_7_36-40_weighted_f1_std": 0.0118,
        "bin_7_36-40_macro_f1_mean": 0.46156,
        "bin_7_36-40_macro_f1_std": 0.01898,
        "bin_8_41-45_loss_mean": 1.20809,
        "bin_8_41-45_loss_std": 0.05056,
        "bin_8_41-45_accuracy_mean": 0.51282,
        "bin_8_41-45_accuracy_std": 0.01813,
        "bin_8_41-45_weighted_f1_mean": 0.45409,
        "bin_8_41-45_weighted_f1_std": 0.00516,
        "bin_8_41-45_macro_f1_mean": 0.47737,
        "bin_8_41-45_macro_f1_std": 0.00832,
        "bin_9_46-50_loss_mean": 1.14994,
        "bin_9_46-50_loss_std": 0.11371,
        "bin_9_46-50_accuracy_mean": 0.5,
        "bin_9_46-50_accuracy_std": 0.0,
        "bin_9_46-50_weighted_f1_mean": 0.52778,
        "bin_9_46-50_weighted_f1_std": 0.0,
        "bin_9_46-50_macro_f1_mean": 0.29167,
        "bin_9_46-50_macro_f1_std": 0.0
    },
    "max_epochs": [
        7,
        10,
        8
    ],
    "train_epoch_losses_list": [
        [
            0.6986997742235007,
            0.4882237005961333,
            0.4263733124975494,
            0.3927022125892609,
            0.37000884579754023,
            0.35394755304326103,
            0.34059696400855816,
            0.3295827365723761
        ],
        [
            0.6985005603429857,
            0.4892767012958795,
            0.426819534415557,
            0.3937321193341358,
            0.3709789311661967,
            0.3552804183045836,
            0.3418472458918889,
            0.33000152062548904,
            0.3204182269567615,
            0.3108323716175202,
            0.30271310138870294
        ],
        [
            0.6973125185578455,
            0.48709248092625995,
            0.42620402845045396,
            0.39187696450193166,
            0.36930385954876277,
            0.353102746657176,
            0.3397242457653995,
            0.3278352601427427,
            0.3185123869324327
        ]
    ],
    "val_epoch_metrics_list": [
        [
            {
                "loss": 0.4078716966840956,
                "accuracy": 0.4713896457765668,
                "weighted_f1": 0.4534577636496008,
                "macro_f1": 0.44736938508584245
            },
            {
                "loss": 0.4233802689446344,
                "accuracy": 0.4659400544959128,
                "weighted_f1": 0.4484559370531838,
                "macro_f1": 0.4473276099008743
            },
            {
                "loss": 0.41799269782172305,
                "accuracy": 0.485921889191644,
                "weighted_f1": 0.4759102213907575,
                "macro_f1": 0.47946903239587046
            },
            {
                "loss": 0.4373284710778131,
                "accuracy": 0.4732061762034514,
                "weighted_f1": 0.46118872041776715,
                "macro_f1": 0.45911626686889867
            },
            {
                "loss": 0.45868651072184247,
                "accuracy": 0.4822888283378747,
                "weighted_f1": 0.4749967849410076,
                "macro_f1": 0.4671903976219295
            },
            {
                "loss": 0.48140357600318057,
                "accuracy": 0.46139872842870117,
                "weighted_f1": 0.4543409912380041,
                "macro_f1": 0.4544609140112777
            },
            {
                "loss": 0.4865333901511298,
                "accuracy": 0.4750227066303361,
                "weighted_f1": 0.4683421911067743,
                "macro_f1": 0.4661586084855062
            },
            {
                "loss": 0.48294981320699054,
                "accuracy": 0.4677565849227975,
                "weighted_f1": 0.4591831020568115,
                "macro_f1": 0.45544914019110705
            }
        ],
        [
            {
                "loss": 0.4177604648802016,
                "accuracy": 0.46684831970935514,
                "weighted_f1": 0.45076379505414643,
                "macro_f1": 0.4477131718503875
            },
            {
                "loss": 0.40621648894415957,
                "accuracy": 0.4695731153496821,
                "weighted_f1": 0.4569161335052809,
                "macro_f1": 0.4528606871362724
            },
            {
                "loss": 0.4510112735960219,
                "accuracy": 0.4768392370572207,