{
    "args": {
        "model": "ChildSumTreeLSTM",
        "supervise_nodes": true,
        "batch_size": 512,
        "max_epochs": 50,
        "eval_every": 1,
        "patience": 5,
        "trainable_embeddings": true,
        "word_embeddings": "word2vec"
    },
    "metrics_summary": {
        "test_loss_mean": 0.2797,
        "test_loss_std": 0.00254,
        "test_accuracy_mean": 0.45686,
        "test_accuracy_std": 0.00186,
        "test_weighted_f1_mean": 0.45408,
        "test_weighted_f1_std": 0.00154,
        "test_macro_f1_mean": 0.43928,
        "test_macro_f1_std": 0.00204,
        "bin_0_1-5_loss_mean": 1.01033,
        "bin_0_1-5_loss_std": 0.0264,
        "bin_0_1-5_accuracy_mean": 0.58796,
        "bin_0_1-5_accuracy_std": 0.01732,
        "bin_0_1-5_weighted_f1_mean": 0.58157,
        "bin_0_1-5_weighted_f1_std": 0.01813,
        "bin_0_1-5_macro_f1_mean": 0.54408,
        "bin_0_1-5_macro_f1_std": 0.01988,
        "bin_11_56-60_loss_mean": 2.43007,
        "bin_11_56-60_loss_std": 0.49159,
        "bin_11_56-60_accuracy_mean": 0.0,
        "bin_11_56-60_accuracy_std": 0.0,
        "bin_11_56-60_weighted_f1_mean": 0.0,
        "bin_11_56-60_weighted_f1_std": 0.0,
        "bin_11_56-60_macro_f1_mean": 0.0,
        "bin_11_56-60_macro_f1_std": 0.0,
        "bin_1_6-10_loss_mean": 1.32574,
        "bin_1_6-10_loss_std": 0.01332,
        "bin_1_6-10_accuracy_mean": 0.50463,
        "bin_1_6-10_accuracy_std": 0.00346,
        "bin_1_6-10_weighted_f1_mean": 0.50795,
        "bin_1_6-10_weighted_f1_std": 0.00442,
        "bin_1_6-10_macro_f1_mean": 0.49367,
        "bin_1_6-10_macro_f1_std": 0.00664,
        "bin_2_11-15_loss_mean": 1.40091,
        "bin_2_11-15_loss_std": 0.02064,
        "bin_2_11-15_accuracy_mean": 0.44223,
        "bin_2_11-15_accuracy_std": 0.01293,
        "bin_2_11-15_weighted_f1_mean": 0.43749,
        "bin_2_11-15_weighted_f1_std": 0.01222,
        "bin_2_11-15_macro_f1_mean": 0.42039,
        "bin_2_11-15_macro_f1_std": 0.01228,
        "bin_3_16-20_loss_mean": 1.33414,
        "bin_3_16-20_loss_std": 0.01228,
        "bin_3_16-20_accuracy_mean": 0.47129,
        "bin_3_16-20_accuracy_std": 0.01006,
        "bin_3_16-20_weighted_f1_mean": 0.46249,
        "bin_3_16-20_weighted_f1_std": 0.01085,
        "bin_3_16-20_macro_f1_mean": 0.44462,
        "bin_3_16-20_macro_f1_std": 0.00917,
        "bin_4_21-25_loss_mean": 1.51275,
        "bin_4_21-25_loss_std": 0.02572,
        "bin_4_21-25_accuracy_mean": 0.425,
        "bin_4_21-25_accuracy_std": 0.0054,
        "bin_4_21-25_weighted_f1_mean": 0.41677,
        "bin_4_21-25_weighted_f1_std": 0.00558,
        "bin_4_21-25_macro_f1_mean": 0.40586,
        "bin_4_21-25_macro_f1_std": 0.00432,
        "bin_5_26-30_loss_mean": 1.55015,
        "bin_5_26-30_loss_std": 0.01595,
        "bin_5_26-30_accuracy_mean": 0.42182,
        "bin_5_26-30_accuracy_std": 0.00891,
        "bin_5_26-30_weighted_f1_mean": 0.41445,
        "bin_5_26-30_weighted_f1_std": 0.00542,
        "bin_5_26-30_macro_f1_mean": 0.37501,
        "bin_5_26-30_macro_f1_std": 0.00604,
        "bin_6_31-35_loss_mean": 1.44768,
        "bin_6_31-35_loss_std": 0.03291,
        "bin_6_31-35_accuracy_mean": 0.41497,
        "bin_6_31-35_accuracy_std": 0.02222,
        "bin_6_31-35_weighted_f1_mean": 0.40068,
        "bin_6_31-35_weighted_f1_std": 0.02558,
        "bin_6_31-35_macro_f1_mean": 0.38302,
        "bin_6_31-35_macro_f1_std": 0.03195,
        "bin_7_36-40_loss_mean": 1.4088,
        "bin_7_36-40_loss_std": 0.03678,
        "bin_7_36-40_accuracy_mean": 0.45333,
        "bin_7_36-40_accuracy_std": 0.01089,
        "bin_7_36-40_weighted_f1_mean": 0.4375,
        "bin_7_36-40_weighted_f1_std": 0.0224,
        "bin_7_36-40_macro_f1_mean": 0.43298,
        "bin_7_36-40_macro_f1_std": 0.03509,
        "bin_8_41-45_loss_mean": 1.35359,
        "bin_8_41-45_loss_std": 0.13006,
        "bin_8_41-45_accuracy_mean": 0.51282,
        "bin_8_41-45_accuracy_std": 0.06537,
        "bin_8_41-45_weighted_f1_mean": 0.49497,
        "bin_8_41-45_weighted_f1_std": 0.0703,
        "bin_8_41-45_macro_f1_mean": 0.51568,
        "bin_8_41-45_macro_f1_std": 0.06278,
        "bin_9_46-50_loss_mean": 1.60274,
        "bin_9_46-50_loss_std": 0.26425,
        "bin_9_46-50_accuracy_mean": 0.55556,
        "bin_9_46-50_accuracy_std": 0.07857,
        "bin_9_46-50_weighted_f1_mean": 0.56455,
        "bin_9_46-50_weighted_f1_std": 0.06415,
        "bin_9_46-50_macro_f1_mean": 0.36653,
        "bin_9_46-50_macro_f1_std": 0.06607
    },
    "max_epochs": [
        12,
        11,
        11
    ],
    "train_epoch_losses_list": [
        [
            0.7236442369567769,
            0.49042873208138493,
            0.43661705051229593,
            0.40764284418409047,
            0.38886244928519675,
            0.3748114581492399,
            0.3621901853450214,
            0.35195194229087173,
            0.3419439839505254,
            0.3330909942563897,
            0.32484604793721705,
            0.317370775509888,
            0.3090191637173132
        ],
        [
            0.7163314974177425,
            0.4901764623249454,
            0.4359629578153852,
            0.40679424478787585,
            0.3878291797283483,
            0.3741839589180894,
            0.3621250221706892,
            0.35199544057599813,
            0.341522356690562,
            0.33279544870618366,
            0.3246693576632158,
            0.3161689699488999
        ],
        [
            0.7112362257471667,
            0.48833284085158823,
            0.4350727382400226,
            0.40757975313398576,
            0.38808808612151885,
            0.3741902026678661,
            0.36231472155484423,
            0.35081888891535,
            0.3408858313200433,
            0.3321469757292006,
            0.32344919848889814,
            0.3158375431720826
        ]
    ],
    "val_epoch_metrics_list": [
        [
            {
                "loss": 0.4221176571316189,
                "accuracy": 0.4514078110808356,
                "weighted_f1": 0.4285364068867245,
                "macro_f1": 0.40604300380928426
            },
            {
                "loss": 0.4392618603176541,
                "accuracy": 0.44595821980018163,
                "weighted_f1": 0.4316280699886037,
                "macro_f1": 0.42993643708854384
            },
            {
                "loss": 0.43627460797627765,
                "accuracy": 0.4623069936421435,
                "weighted_f1": 0.45602799104075076,
                "macro_f1": 0.4533293802028101
            },
            {
                "loss": 0.4685819149017334,
                "accuracy": 0.45413260672116257,
                "weighted_f1": 0.44656972800293715,
                "macro_f1": 0.44318504564110556
            },
            {
                "loss": 0.4787115653355916,
                "accuracy": 0.46503178928247046,
                "weighted_f1": 0.4571660730064845,
                "macro_f1": 0.4441209147620011
            },
            {
                "loss": 0.5107370482550727,
                "accuracy": 0.4586739327883742,
                "weighted_f1": 0.4512826536455622,
                "macro_f1": 0.44707736793394937
            },
            {
                "loss": 0.5070976946089003,
                "accuracy": 0.45776566757493187,
                "weighted_f1": 0.4535228273061766,
                "macro_f1": 0.4450285249287115
            },
            {
                "loss": 0.5190994209713405,
                "accuracy": 0.4659400544959128,
                "weighted_f1": 0.45868034998951746,
                "macro_f1": 0.44929283301735845
            },
            {
                "loss": 0.5421113967895508,
                "accuracy": 0.44868301544050865,
                "weighted_f1": 0.4418199967976348,
                "macro_f1": 0.43255629914207727
            },
            {
                "loss": 0.5926387574937608,