{
    "args": {
        "model": "ChildSumTreeLSTM",
        "supervise_nodes": false,
        "batch_size": 512,
        "max_epochs": 50,
        "eval_every": 1,
        "patience": 5,
        "trainable_embeddings": true,
        "word_embeddings": "word2vec"
    },
    "metrics_summary": {
        "test_loss_mean": 0.2604,
        "test_loss_std": 0.0028,
        "test_accuracy_mean": 0.42308,
        "test_accuracy_std": 0.00677,
        "test_weighted_f1_mean": 0.38372,
        "test_weighted_f1_std": 0.00614,
        "test_macro_f1_mean": 0.33611,
        "test_macro_f1_std": 0.00609,
        "bin_0_1-5_loss_mean": 1.30743,
        "bin_0_1-5_loss_std": 0.00444,
        "bin_0_1-5_accuracy_mean": 0.36111,
        "bin_0_1-5_accuracy_std": 0.04536,
        "bin_0_1-5_weighted_f1_mean": 0.29209,
        "bin_0_1-5_weighted_f1_std": 0.082,
        "bin_0_1-5_macro_f1_mean": 0.26573,
        "bin_0_1-5_macro_f1_std": 0.06105,
        "bin_11_56-60_loss_mean": 2.82451,
        "bin_11_56-60_loss_std": 0.50328,
        "bin_11_56-60_accuracy_mean": 0.0,
        "bin_11_56-60_accuracy_std": 0.0,
        "bin_11_56-60_weighted_f1_mean": 0.0,
        "bin_11_56-60_weighted_f1_std": 0.0,
        "bin_11_56-60_macro_f1_mean": 0.0,
        "bin_11_56-60_macro_f1_std": 0.0,
        "bin_1_6-10_loss_mean": 1.21537,
        "bin_1_6-10_loss_std": 0.00399,
        "bin_1_6-10_accuracy_mean": 0.45556,
        "bin_1_6-10_accuracy_std": 0.01179,
        "bin_1_6-10_weighted_f1_mean": 0.40265,
        "bin_1_6-10_weighted_f1_std": 0.02252,
        "bin_1_6-10_macro_f1_mean": 0.34733,
        "bin_1_6-10_macro_f1_std": 0.02452,
        "bin_2_11-15_loss_mean": 1.25043,
        "bin_2_11-15_loss_std": 0.01466,
        "bin_2_11-15_accuracy_mean": 0.43308,
        "bin_2_11-15_accuracy_std": 0.0047,
        "bin_2_11-15_weighted_f1_mean": 0.38301,
        "bin_2_11-15_weighted_f1_std": 0.00684,
        "bin_2_11-15_macro_f1_mean": 0.34199,
        "bin_2_11-15_macro_f1_std": 0.00717,
        "bin_3_16-20_loss_mean": 1.2267,
        "bin_3_16-20_loss_std": 0.01239,
        "bin_3_16-20_accuracy_mean": 0.46383,
        "bin_3_16-20_accuracy_std": 0.01243,
        "bin_3_16-20_weighted_f1_mean": 0.42971,
        "bin_3_16-20_weighted_f1_std": 0.00957,
        "bin_3_16-20_macro_f1_mean": 0.37106,
        "bin_3_16-20_macro_f1_std": 0.00881,
        "bin_4_21-25_loss_mean": 1.4319,
        "bin_4_21-25_loss_std": 0.02626,
        "bin_4_21-25_accuracy_mean": 0.355,
        "bin_4_21-25_accuracy_std": 0.00354,
        "bin_4_21-25_weighted_f1_mean": 0.31469,
        "bin_4_21-25_weighted_f1_std": 0.00791,
        "bin_4_21-25_macro_f1_mean": 0.27915,
        "bin_4_21-25_macro_f1_std": 0.00947,
        "bin_5_26-30_loss_mean": 1.37337,
        "bin_5_26-30_loss_std": 0.03496,
        "bin_5_26-30_accuracy_mean": 0.4303,
        "bin_5_26-30_accuracy_std": 0.01688,
        "bin_5_26-30_weighted_f1_mean": 0.40576,
        "bin_5_26-30_weighted_f1_std": 0.01435,
        "bin_5_26-30_macro_f1_mean": 0.34437,
        "bin_5_26-30_macro_f1_std": 0.01313,
        "bin_6_31-35_loss_mean": 1.32396,
        "bin_6_31-35_loss_std": 0.03606,
        "bin_6_31-35_accuracy_mean": 0.39002,
        "bin_6_31-35_accuracy_std": 0.02312,
        "bin_6_31-35_weighted_f1_mean": 0.34905,
        "bin_6_31-35_weighted_f1_std": 0.02099,
        "bin_6_31-35_macro_f1_mean": 0.29823,
        "bin_6_31-35_macro_f1_std": 0.02262,
        "bin_7_36-40_loss_mean": 1.41486,
        "bin_7_36-40_loss_std": 0.04189,
        "bin_7_36-40_accuracy_mean": 0.41778,
        "bin_7_36-40_accuracy_std": 0.00629,
        "bin_7_36-40_weighted_f1_mean": 0.39471,
        "bin_7_36-40_weighted_f1_std": 0.00882,
        "bin_7_36-40_macro_f1_mean": 0.35647,
        "bin_7_36-40_macro_f1_std": 0.01025,
        "bin_8_41-45_loss_mean": 1.33578,
        "bin_8_41-45_loss_std": 0.03178,
        "bin_8_41-45_accuracy_mean": 0.47436,
        "bin_8_41-45_accuracy_std": 0.01813,
        "bin_8_41-45_weighted_f1_mean": 0.42833,
        "bin_8_41-45_weighted_f1_std": 0.02802,
        "bin_8_41-45_macro_f1_mean": 0.41144,
        "bin_8_41-45_macro_f1_std": 0.04697,
        "bin_9_46-50_loss_mean": 1.03579,
        "bin_9_46-50_loss_std": 0.04601,
        "bin_9_46-50_accuracy_mean": 0.44444,
        "bin_9_46-50_accuracy_std": 0.07857,
        "bin_9_46-50_weighted_f1_mean": 0.51111,
        "bin_9_46-50_weighted_f1_std": 0.09601,
        "bin_9_46-50_macro_f1_mean": 0.4,
        "bin_9_46-50_macro_f1_std": 0.14402
    },
    "max_epochs": [
        12,
        12,
        11
    ],
    "train_epoch_losses_list": [
        [
            1.5877973822986378,
            1.5646436705308802,
            1.5477059799082138,
            1.467513266731711,
            1.3347798165153055,
            1.2378697325201595,
            1.153211320147795,
            1.0716472723904777,
            0.9970892422339496,
            0.9259840775938595,
            0.8467797707108891,
            0.7720766908982221,
            0.6915100181803984
        ],
        [
            1.5918353585635914,
            1.565460773075328,
            1.5498187752331005,
            1.4743502560783834,
            1.33711460758658,
            1.2443901160184074,
            1.1597341088687672,
            1.0764144799288582,
            0.9987675232045791,
            0.9320592284202576,
            0.8710752620416529,
            0.7969917058944702,
            0.7292956850107979
        ],
        [
            1.590138919213239,
            1.5640722022337072,
            1.5424229467616362,
            1.4600855041952694,
            1.329427634968477,
            1.2332460529663984,
            1.1449119904462028,
            1.0636805225821102,
            0.9832291042103487,
            0.908261214985567,
            0.8288706681307625,
            0.7632415469954995
        ]
    ],
    "val_epoch_metrics_list": [
        [
            {
                "loss": 0.5228795740339491,
                "accuracy": 0.25340599455040874,
                "weighted_f1": 0.10246416301386091,
                "macro_f1": 0.0808695652173913
            },
            {
                "loss": 0.5154782401190864,
                "accuracy": 0.3315168029064487,
                "weighted_f1": 0.22560777936458049,
                "macro_f1": 0.17492905606614428
            },
            {
                "loss": 0.5103335248099433,
                "accuracy": 0.3151680290644868,
                "weighted_f1": 0.20591892749071633,
                "macro_f1": 0.15996371092361017
            },
            {
                "loss": 0.4750550455517239,
                "accuracy": 0.37693006357856496,
                "weighted_f1": 0.2567580841460337,
                "macro_f1": 0.19900868905592717
            },
            {
                "loss": 0.45975106292300755,
                "accuracy": 0.38419618528610355,
                "weighted_f1": 0.2913420466138883,
                "macro_f1": 0.24801225491354045
            },
            {
                "loss": 0.45575956503550213,
                "accuracy": 0.38782924613987285,
                "weighted_f1": 0.29823988768794296,
                "macro_f1": 0.2507720296161559
            },
            {
                "loss": 0.45015115208095974,
                "accuracy": 0.405086285195277,
                "weighted_f1": 0.3444884233004603,
                "macro_f1": 0.30451479680765065
            },
            {
                "loss": 0.46649007002512616,
                "accuracy": 0.40962761126248864,
                "weighted_f1": 0.37292984643894384,
                "macro_f1": 0.34133544854338277
            },
            {
                "loss": 0.4665728674994574,
                "accuracy": 0.3978201634877384,
                "weighted_f1": 0.3666614701385963,
                "macro_f1": 0.33598212161752755
            },
            {
                "loss": 0.5015140242046779,