{
    "args": {
        "model": "ChildSumTreeLSTM",
        "supervise_nodes": false,
        "batch_size": 512,
        "max_epochs": 50,
        "eval_every": 1,
        "patience": 5,
        "trainable_embeddings": true,
        "word_embeddings": "glove"
    },
    "metrics_summary": {
        "test_loss_mean": 0.25449,
        "test_loss_std": 0.00446,
        "test_accuracy_mean": 0.44902,
        "test_accuracy_std": 0.00468,
        "test_weighted_f1_mean": 0.42741,
        "test_weighted_f1_std": 0.01868,
        "test_macro_f1_mean": 0.3976,
        "test_macro_f1_std": 0.02855,
        "bin_0_1-5_loss_mean": 1.23985,
        "bin_0_1-5_loss_std": 0.02757,
        "bin_0_1-5_accuracy_mean": 0.38889,
        "bin_0_1-5_accuracy_std": 0.04089,
        "bin_0_1-5_weighted_f1_mean": 0.36292,
        "bin_0_1-5_weighted_f1_std": 0.05274,
        "bin_0_1-5_macro_f1_mean": 0.3257,
        "bin_0_1-5_macro_f1_std": 0.03545,
        "bin_11_56-60_loss_mean": 2.28972,
        "bin_11_56-60_loss_std": 1.09161,
        "bin_11_56-60_accuracy_mean": 0.0,
        "bin_11_56-60_accuracy_std": 0.0,
        "bin_11_56-60_weighted_f1_mean": 0.0,
        "bin_11_56-60_weighted_f1_std": 0.0,
        "bin_11_56-60_macro_f1_mean": 0.0,
        "bin_11_56-60_macro_f1_std": 0.0,
        "bin_1_6-10_loss_mean": 1.15958,
        "bin_1_6-10_loss_std": 0.01909,
        "bin_1_6-10_accuracy_mean": 0.5,
        "bin_1_6-10_accuracy_std": 0.02616,
        "bin_1_6-10_weighted_f1_mean": 0.47053,
        "bin_1_6-10_weighted_f1_std": 0.04522,
        "bin_1_6-10_macro_f1_mean": 0.42925,
        "bin_1_6-10_macro_f1_std": 0.05508,
        "bin_2_11-15_loss_mean": 1.23398,
        "bin_2_11-15_loss_std": 0.01514,
        "bin_2_11-15_accuracy_mean": 0.44888,
        "bin_2_11-15_accuracy_std": 0.00888,
        "bin_2_11-15_weighted_f1_mean": 0.42574,
        "bin_2_11-15_weighted_f1_std": 0.00571,
        "bin_2_11-15_macro_f1_mean": 0.39991,
        "bin_2_11-15_macro_f1_std": 0.01168,
        "bin_3_16-20_loss_mean": 1.20565,
        "bin_3_16-20_loss_std": 0.02289,
        "bin_3_16-20_accuracy_mean": 0.47204,
        "bin_3_16-20_accuracy_std": 0.00837,
        "bin_3_16-20_weighted_f1_mean": 0.45411,
        "bin_3_16-20_weighted_f1_std": 0.02201,
        "bin_3_16-20_macro_f1_mean": 0.42802,
        "bin_3_16-20_macro_f1_std": 0.03707,
        "bin_4_21-25_loss_mean": 1.37348,
        "bin_4_21-25_loss_std": 0.04514,
        "bin_4_21-25_accuracy_mean": 0.39667,
        "bin_4_21-25_accuracy_std": 0.00717,
        "bin_4_21-25_weighted_f1_mean": 0.36724,
        "bin_4_21-25_weighted_f1_std": 0.00819,
        "bin_4_21-25_macro_f1_mean": 0.34065,
        "bin_4_21-25_macro_f1_std": 0.01548,
        "bin_5_26-30_loss_mean": 1.37154,
        "bin_5_26-30_loss_std": 0.0551,
        "bin_5_26-30_accuracy_mean": 0.44242,
        "bin_5_26-30_accuracy_std": 0.01339,
        "bin_5_26-30_weighted_f1_mean": 0.42825,
        "bin_5_26-30_weighted_f1_std": 0.01981,
        "bin_5_26-30_macro_f1_mean": 0.38472,
        "bin_5_26-30_macro_f1_std": 0.03133,
        "bin_6_31-35_loss_mean": 1.31754,
        "bin_6_31-35_loss_std": 0.06996,
        "bin_6_31-35_accuracy_mean": 0.43084,
        "bin_6_31-35_accuracy_std": 0.01697,
        "bin_6_31-35_weighted_f1_mean": 0.40489,
        "bin_6_31-35_weighted_f1_std": 0.01197,
        "bin_6_31-35_macro_f1_mean": 0.37112,
        "bin_6_31-35_macro_f1_std": 0.01747,
        "bin_7_36-40_loss_mean": 1.33608,
        "bin_7_36-40_loss_std": 0.02052,
        "bin_7_36-40_accuracy_mean": 0.45333,
        "bin_7_36-40_accuracy_std": 0.0288,
        "bin_7_36-40_weighted_f1_mean": 0.43804,
        "bin_7_36-40_weighted_f1_std": 0.03766,
        "bin_7_36-40_macro_f1_mean": 0.40843,
        "bin_7_36-40_macro_f1_std": 0.05055,
        "bin_8_41-45_loss_mean": 1.29681,
        "bin_8_41-45_loss_std": 0.08101,
        "bin_8_41-45_accuracy_mean": 0.47436,
        "bin_8_41-45_accuracy_std": 0.03626,
        "bin_8_41-45_weighted_f1_mean": 0.46667,
        "bin_8_41-45_weighted_f1_std": 0.03344,
        "bin_8_41-45_macro_f1_mean": 0.46031,
        "bin_8_41-45_macro_f1_std": 0.03797,
        "bin_9_46-50_loss_mean": 1.04658,
        "bin_9_46-50_loss_std": 0.07496,
        "bin_9_46-50_accuracy_mean": 0.55556,
        "bin_9_46-50_accuracy_std": 0.07857,
        "bin_9_46-50_weighted_f1_mean": 0.57381,
        "bin_9_46-50_weighted_f1_std": 0.07718,
        "bin_9_46-50_macro_f1_mean": 0.34272,
        "bin_9_46-50_macro_f1_std": 0.03756
    },
    "max_epochs": [
        15,
        14,
        12
    ],
    "train_epoch_losses_list": [
        [
            1.58149614053614,
            1.5517825308968038,
            1.4958035665399887,
            1.3801027255899765,
            1.2932248676524443,
            1.2316167705199297,
            1.1784659133237951,
            1.1265420352711397,
            1.0734139190000647,
            1.0247674970065845,
            0.9649681308690239,
            0.9092844303916482,
            0.8420882926267736,
            0.7842964635175818,
            0.7292128590976491,
            0.667802985976724
        ],
        [
            1.5801999288446762,
            1.559048806919771,
            1.526124119758606,
            1.4211018506218405,
            1.3071811830296236,
            1.2445456210304708,
            1.1888552202897913,
            1.1403030577827902,
            1.0843421150656307,
            1.0339715200311996,
            0.9738794950877919,
            0.9166380587746116,
            0.8553219016860513,
            0.7952688932418823,
            0.7356131462489858
        ],
        [
            1.5820812758277445,
            1.5523013507618624,
            1.5000469824847054,
            1.3790224159465116,
            1.2909617003272562,
            1.2336793787339155,
            1.1920997605604284,
            1.1357878586825203,
            1.0894200381110697,
            1.033016537918764,
            0.9764722270124099,
            0.9233491070130292,
            0.8626145369866315
        ]
    ],
    "val_epoch_metrics_list": [
        [
            {
                "loss": 0.5141867796579996,
                "accuracy": 0.3069936421435059,
                "weighted_f1": 0.20900038971338733,
                "macro_f1": 0.16202005232790237
            },
            {
                "loss": 0.5066706207063463,
                "accuracy": 0.33060853769300635,
                "weighted_f1": 0.22713232514428783,
                "macro_f1": 0.17683545705080025
            },
            {
                "loss": 0.4684379233254327,
                "accuracy": 0.371480472297911,
                "weighted_f1": 0.25441139404441326,
                "macro_f1": 0.19778784783974765
            },
            {
                "loss": 0.46634923087226016,
                "accuracy": 0.40599455040871935,
                "weighted_f1": 0.3271399228160173,
                "macro_f1": 0.2973069230530146
            },
            {
                "loss": 0.4490271276897854,
                "accuracy": 0.4123524069028156,
                "weighted_f1": 0.33692094947512935,
                "macro_f1": 0.3043685527608547
            },
            {
                "loss": 0.4294027090072632,
                "accuracy": 0.4232515894641235,
                "weighted_f1": 0.35931422464787033,
                "macro_f1": 0.32580812181284474
            },
            {
                "loss": 0.43507851494683164,
                "accuracy": 0.43415077202543145,
                "weighted_f1": 0.37243649870099527,
                "macro_f1": 0.3397701590852183
            },
            {
                "loss": 0.45220785670810276,
                "accuracy": 0.43778383287920075,
                "weighted_f1": 0.40219987157487846,
                "macro_f1": 0.3762630697580217
            },
            {
                "loss": 0.4358645412656996,