{
    "args": {
        "model": "LSTM",
        "supervise_nodes": true,
        "batch_size": 128,
        "max_epochs": 100,
        "eval_every": 1,
        "patience": 10,
        "trainable_embeddings": false,
        "word_embeddings": "glove"
    },
    "metrics_summary": {
        "test_loss_mean": 0.06526,
        "test_loss_std": 0.001,
        "test_accuracy_mean": 0.4917,
        "test_accuracy_std": 0.01282,
        "test_weighted_f1_mean": 0.48241,
        "test_weighted_f1_std": 0.01704,
        "test_macro_f1_mean": 0.46464,
        "test_macro_f1_std": 0.01952,
        "bin_0_1-5_loss_mean": 0.89522,
        "bin_0_1-5_loss_std": 0.0322,
        "bin_0_1-5_accuracy_mean": 0.61574,
        "bin_0_1-5_accuracy_std": 0.02619,
        "bin_0_1-5_weighted_f1_mean": 0.60816,
        "bin_0_1-5_weighted_f1_std": 0.02761,
        "bin_0_1-5_macro_f1_mean": 0.57478,
        "bin_0_1-5_macro_f1_std": 0.03227,
        "bin_11_56-60_loss_mean": 3.07413,
        "bin_11_56-60_loss_std": 1.35301,
        "bin_11_56-60_accuracy_mean": 0.0,
        "bin_11_56-60_accuracy_std": 0.0,
        "bin_11_56-60_weighted_f1_mean": 0.0,
        "bin_11_56-60_weighted_f1_std": 0.0,
        "bin_11_56-60_macro_f1_mean": 0.0,
        "bin_11_56-60_macro_f1_std": 0.0,
        "bin_1_6-10_loss_mean": 0.35525,
        "bin_1_6-10_loss_std": 0.01183,
        "bin_1_6-10_accuracy_mean": 0.55741,
        "bin_1_6-10_accuracy_std": 0.02744,
        "bin_1_6-10_weighted_f1_mean": 0.55742,
        "bin_1_6-10_weighted_f1_std": 0.02939,
        "bin_1_6-10_macro_f1_mean": 0.5397,
        "bin_1_6-10_macro_f1_std": 0.03023,
        "bin_2_11-15_loss_mean": 0.27155,
        "bin_2_11-15_loss_std": 0.00578,
        "bin_2_11-15_accuracy_mean": 0.48213,
        "bin_2_11-15_accuracy_std": 0.01646,
        "bin_2_11-15_weighted_f1_mean": 0.46687,
        "bin_2_11-15_weighted_f1_std": 0.02005,
        "bin_2_11-15_macro_f1_mean": 0.44742,
        "bin_2_11-15_macro_f1_std": 0.0227,
        "bin_3_16-20_loss_mean": 0.27954,
        "bin_3_16-20_loss_std": 0.00298,
        "bin_3_16-20_accuracy_mean": 0.50634,
        "bin_3_16-20_accuracy_std": 0.01554,
        "bin_3_16-20_weighted_f1_mean": 0.49188,
        "bin_3_16-20_weighted_f1_std": 0.02128,
        "bin_3_16-20_macro_f1_mean": 0.47081,
        "bin_3_16-20_macro_f1_std": 0.02492,
        "bin_4_21-25_loss_mean": 0.35418,
        "bin_4_21-25_loss_std": 0.01887,
        "bin_4_21-25_accuracy_mean": 0.445,
        "bin_4_21-25_accuracy_std": 0.0089,
        "bin_4_21-25_weighted_f1_mean": 0.42258,
        "bin_4_21-25_weighted_f1_std": 0.01412,
        "bin_4_21-25_macro_f1_mean": 0.40409,
        "bin_4_21-25_macro_f1_std": 0.01598,
        "bin_5_26-30_loss_mean": 0.43499,
        "bin_5_26-30_loss_std": 0.00399,
        "bin_5_26-30_accuracy_mean": 0.44606,
        "bin_5_26-30_accuracy_std": 0.01043,
        "bin_5_26-30_weighted_f1_mean": 0.43623,
        "bin_5_26-30_weighted_f1_std": 0.0148,
        "bin_5_26-30_macro_f1_mean": 0.40339,
        "bin_5_26-30_macro_f1_std": 0.01582,
        "bin_6_31-35_loss_mean": 0.58252,
        "bin_6_31-35_loss_std": 0.02566,
        "bin_6_31-35_accuracy_mean": 0.47619,
        "bin_6_31-35_accuracy_std": 0.03469,
        "bin_6_31-35_weighted_f1_mean": 0.45574,
        "bin_6_31-35_weighted_f1_std": 0.04846,
        "bin_6_31-35_macro_f1_mean": 0.43311,
        "bin_6_31-35_macro_f1_std": 0.05594,
        "bin_7_36-40_loss_mean": 1.25015,
        "bin_7_36-40_loss_std": 0.08072,
        "bin_7_36-40_accuracy_mean": 0.47111,
        "bin_7_36-40_accuracy_std": 0.03326,
        "bin_7_36-40_weighted_f1_mean": 0.44116,
        "bin_7_36-40_weighted_f1_std": 0.01933,
        "bin_7_36-40_macro_f1_mean": 0.40893,
        "bin_7_36-40_macro_f1_std": 0.02133,
        "bin_8_41-45_loss_mean": 1.28249,
        "bin_8_41-45_loss_std": 0.14515,
        "bin_8_41-45_accuracy_mean": 0.48718,
        "bin_8_41-45_accuracy_std": 0.04797,
        "bin_8_41-45_weighted_f1_mean": 0.42635,
        "bin_8_41-45_weighted_f1_std": 0.03934,
        "bin_8_41-45_macro_f1_mean": 0.43275,
        "bin_8_41-45_macro_f1_std": 0.03008,
        "bin_9_46-50_loss_mean": 1.63792,
        "bin_9_46-50_loss_std": 0.1131,
        "bin_9_46-50_accuracy_mean": 0.55556,
        "bin_9_46-50_accuracy_std": 0.07857,
        "bin_9_46-50_weighted_f1_mean": 0.57381,
        "bin_9_46-50_weighted_f1_std": 0.07718,
        "bin_9_46-50_macro_f1_mean": 0.38505,
        "bin_9_46-50_macro_f1_std": 0.09072
    },
    "max_epochs": [
        17,
        14,
        12
    ],
    "train_epoch_losses_list": [
        [
            0.689525145809975,
            0.5711659010097454,
            0.5364079204780022,
            0.5116284455585182,
            0.4913156683176336,
            0.47337189870004737,
            0.45766166082243775,
            0.4444727934838647,
            0.4319491611796552,
            0.4200953849604432,
            0.410215475644584,
            0.40064788257035666,
            0.3924406060019103,
            0.38231182958295273,
            0.3753810500280118,
            0.36718371807246325,
            0.36110993864157576,
            0.354174168969917
        ],
        [
            0.6866066092756432,
            0.5696425612123919,
            0.5351762794342959,
            0.5107321227217131,
            0.48976287368177807,
            0.47220660765336153,
            0.4564957449996789,
            0.4423361821726827,
            0.42992968486508293,
            0.41890023953058353,
            0.40812244156086946,
            0.3984805152508108,
            0.38931997269042223,
            0.3809518202299803,
            0.3736280033566023
        ],
        [
            0.6900448650471481,
            0.5719481627799349,
            0.5385199517058281,
            0.5143476772429612,
            0.4935420207877487,
            0.4767738883274262,
            0.4621561783160402,
            0.4472346164997381,
            0.4336600156387253,
            0.4227678198979494,
            0.41213402030217067,
            0.40262262541829885,
            0.39384687661028617
        ]
    ],
    "val_epoch_metrics_list": [
        [
            {
                "loss": 0.13770603397746145,
                "accuracy": 0.44686648501362397,
                "weighted_f1": 0.4170294529340721,
                "macro_f1": 0.39648151443049356
            },
            {
                "loss": 0.13688381365787836,
                "accuracy": 0.46866485013623976,
                "weighted_f1": 0.4551624626429539,
                "macro_f1": 0.45352773842112504
            },
            {
                "loss": 0.13375544842378592,
                "accuracy": 0.46503178928247046,
                "weighted_f1": 0.44014147097199663,
                "macro_f1": 0.4246596334147905
            },
            {
                "loss": 0.13105372146323874,
                "accuracy": 0.4841053587647593,
                "weighted_f1": 0.4620250568791586,
                "macro_f1": 0.4457547387929098
            },
            {
                "loss": 0.13500370214014878,
                "accuracy": 0.49227974568574023,
                "weighted_f1": 0.47472669345904117,
                "macro_f1": 0.46117424015070424
            },
            {
                "loss": 0.14176569014419743,
                "accuracy": 0.4786557674841054,
                "weighted_f1": 0.4639825641694439,
                "macro_f1": 0.46368234790051843
            },
            {
                "loss": 0.14372835630252037,
                "accuracy": 0.47048138056312444,
                "weighted_f1": 0.46255075338709756,
                "macro_f1": 0.45639045521288946
            },
            {
                "loss": 0.1400973399480184,
                "accuracy": 0.5004541326067211,
                "weighted_f1": 0.49405350101681483,