{
    "args": {
        "model": "LSTM",
        "supervise_nodes": true,
        "batch_size": 128,
        "max_epochs": 100,
        "eval_every": 1,
        "patience": 10,
        "trainable_embeddings": true,
        "word_embeddings": "glove"
    },
    "metrics_summary": {
        "test_loss_mean": 0.07584,
        "test_loss_std": 0.00273,
        "test_accuracy_mean": 0.47059,
        "test_accuracy_std": 0.00923,
        "test_weighted_f1_mean": 0.47191,
        "test_weighted_f1_std": 0.00853,
        "test_macro_f1_mean": 0.46113,
        "test_macro_f1_std": 0.00806,
        "bin_0_1-5_loss_mean": 0.89232,
        "bin_0_1-5_loss_std": 0.01538,
        "bin_0_1-5_accuracy_mean": 0.59722,
        "bin_0_1-5_accuracy_std": 0.02268,
        "bin_0_1-5_weighted_f1_mean": 0.58562,
        "bin_0_1-5_weighted_f1_std": 0.03177,
        "bin_0_1-5_macro_f1_mean": 0.55943,
        "bin_0_1-5_macro_f1_std": 0.03354,
        "bin_11_56-60_loss_mean": 2.64823,
        "bin_11_56-60_loss_std": 0.28462,
        "bin_11_56-60_accuracy_mean": 0.0,
        "bin_11_56-60_accuracy_std": 0.0,
        "bin_11_56-60_weighted_f1_mean": 0.0,
        "bin_11_56-60_weighted_f1_std": 0.0,
        "bin_11_56-60_macro_f1_mean": 0.0,
        "bin_11_56-60_macro_f1_std": 0.0,
        "bin_1_6-10_loss_mean": 0.4025,
        "bin_1_6-10_loss_std": 0.00308,
        "bin_1_6-10_accuracy_mean": 0.53241,
        "bin_1_6-10_accuracy_std": 0.00917,
        "bin_1_6-10_weighted_f1_mean": 0.53793,
        "bin_1_6-10_weighted_f1_std": 0.00935,
        "bin_1_6-10_macro_f1_mean": 0.53721,
        "bin_1_6-10_macro_f1_std": 0.01166,
        "bin_2_11-15_loss_mean": 0.29916,
        "bin_2_11-15_loss_std": 0.0082,
        "bin_2_11-15_accuracy_mean": 0.47631,
        "bin_2_11-15_accuracy_std": 0.01942,
        "bin_2_11-15_weighted_f1_mean": 0.47123,
        "bin_2_11-15_weighted_f1_std": 0.0182,
        "bin_2_11-15_macro_f1_mean": 0.45387,
        "bin_2_11-15_macro_f1_std": 0.0174,
        "bin_3_16-20_loss_mean": 0.33102,
        "bin_3_16-20_loss_std": 0.01072,
        "bin_3_16-20_accuracy_mean": 0.47502,
        "bin_3_16-20_accuracy_std": 0.0038,
        "bin_3_16-20_weighted_f1_mean": 0.47264,
        "bin_3_16-20_weighted_f1_std": 0.00457,
        "bin_3_16-20_macro_f1_mean": 0.4603,
        "bin_3_16-20_macro_f1_std": 0.00901,
        "bin_4_21-25_loss_mean": 0.40503,
        "bin_4_21-25_loss_std": 0.01557,
        "bin_4_21-25_accuracy_mean": 0.42833,
        "bin_4_21-25_accuracy_std": 0.0165,
        "bin_4_21-25_weighted_f1_mean": 0.42162,
        "bin_4_21-25_weighted_f1_std": 0.01423,
        "bin_4_21-25_macro_f1_mean": 0.4058,
        "bin_4_21-25_macro_f1_std": 0.01319,
        "bin_5_26-30_loss_mean": 0.57803,
        "bin_5_26-30_loss_std": 0.03277,
        "bin_5_26-30_accuracy_mean": 0.44121,
        "bin_5_26-30_accuracy_std": 0.00618,
        "bin_5_26-30_weighted_f1_mean": 0.44575,
        "bin_5_26-30_weighted_f1_std": 0.00593,
        "bin_5_26-30_macro_f1_mean": 0.4242,
        "bin_5_26-30_macro_f1_std": 0.00555,
        "bin_6_31-35_loss_mean": 0.70959,
        "bin_6_31-35_loss_std": 0.04864,
        "bin_6_31-35_accuracy_mean": 0.44671,
        "bin_6_31-35_accuracy_std": 0.04658,
        "bin_6_31-35_weighted_f1_mean": 0.43998,
        "bin_6_31-35_weighted_f1_std": 0.04627,
        "bin_6_31-35_macro_f1_mean": 0.42389,
        "bin_6_31-35_macro_f1_std": 0.04325,
        "bin_7_36-40_loss_mean": 1.42614,
        "bin_7_36-40_loss_std": 0.11596,
        "bin_7_36-40_accuracy_mean": 0.43556,
        "bin_7_36-40_accuracy_std": 0.03823,
        "bin_7_36-40_weighted_f1_mean": 0.43201,
        "bin_7_36-40_weighted_f1_std": 0.03677,
        "bin_7_36-40_macro_f1_mean": 0.42504,
        "bin_7_36-40_macro_f1_std": 0.03426,
        "bin_8_41-45_loss_mean": 1.61271,
        "bin_8_41-45_loss_std": 0.0961,
        "bin_8_41-45_accuracy_mean": 0.37179,
        "bin_8_41-45_accuracy_std": 0.06537,
        "bin_8_41-45_weighted_f1_mean": 0.34805,
        "bin_8_41-45_weighted_f1_std": 0.05774,
        "bin_8_41-45_macro_f1_mean": 0.373,
        "bin_8_41-45_macro_f1_std": 0.03961,
        "bin_9_46-50_loss_mean": 1.77467,
        "bin_9_46-50_loss_std": 0.18202,
        "bin_9_46-50_accuracy_mean": 0.22222,
        "bin_9_46-50_accuracy_std": 0.07857,
        "bin_9_46-50_weighted_f1_mean": 0.32593,
        "bin_9_46-50_weighted_f1_std": 0.08381,
        "bin_9_46-50_macro_f1_mean": 0.11556,
        "bin_9_46-50_macro_f1_std": 0.03705
    },
    "max_epochs": [
        14,
        13,
        14
    ],
    "train_epoch_losses_list": [
        [
            0.6202511202794658,
            0.4387233520221076,
            0.38508765165678027,
            0.3533536981913685,
            0.33054100984418894,
            0.31083849116180423,
            0.2950077610256526,
            0.28060161998037814,
            0.26733152893064355,
            0.2549769429632802,
            0.24305828469506638,
            0.23207501458450103,
            0.22167159221098642,
            0.2116718068398267,
            0.20200913126036782
        ],
        [
            0.6171269749578363,
            0.43858970088974597,
            0.38475393672387737,
            0.3533965279996768,
            0.32954643461532623,
            0.3110839974700658,
            0.2945752272875003,
            0.27906804831468257,
            0.2662369406873911,
            0.25400392103981057,
            0.24253424684369881,
            0.2316417655906114,
            0.22125758335915435,
            0.21084378021645342
        ],
        [
            0.6185757990034533,
            0.4388761442790102,
            0.3851730642674115,
            0.35385120134211856,
            0.33056688507514564,
            0.31195621061866086,
            0.2956026057262376,
            0.2812216334942734,
            0.2679850016232341,
            0.25603448572759524,
            0.2447698340810987,
            0.23432407222676538,
            0.22405605914482207,
            0.21415354563025335,
            0.2040459144953784
        ]
    ],
    "val_epoch_metrics_list": [
        [
            {
                "loss": 0.13485452275217316,
                "accuracy": 0.4604904632152589,
                "weighted_f1": 0.43326500561535525,
                "macro_f1": 0.4130845285177326
            },
            {
                "loss": 0.14056396042859112,
                "accuracy": 0.4732061762034514,
                "weighted_f1": 0.464303713355677,
                "macro_f1": 0.4560946747248492
            },
            {
                "loss": 0.1458561803087776,
                "accuracy": 0.47593097184377836,
                "weighted_f1": 0.467259344444066,
                "macro_f1": 0.4555395075246536
            },
            {
                "loss": 0.1537326839235094,
                "accuracy": 0.47229791099000906,
                "weighted_f1": 0.4595592351298819,
                "macro_f1": 0.4499487443140895
            },
            {
                "loss": 0.16462050396719097,
                "accuracy": 0.47774750227066304,
                "weighted_f1": 0.47093810359225413,
                "macro_f1": 0.45985591066177073
            },
            {
                "loss": 0.18324787969942447,
                "accuracy": 0.444141689373297,
                "weighted_f1": 0.43920846257887836,
                "macro_f1": 0.43379404514723274
            },
            {
                "loss": 0.18512214849024644,
                "accuracy": 0.444141689373297,
                "weighted_f1": 0.4438676537222076,
                "macro_f1": 0.4398263801161665
            },
            {
                "loss": 0.19289260293230598,
                "accuracy": 0.4623069936421435,
                "weighted_f1": 0.4587421876602947,
                "macro_f1": 0.4512151924488025
            },
            {
                "loss": 0.21295718793515805,