{
    "args": {
        "model": "LSTM",
        "supervise_nodes": true,
        "batch_size": 128,
        "max_epochs": 100,
        "eval_every": 1,
        "patience": 10,
        "trainable_embeddings": false,
        "word_embeddings": "word2vec"
    },
    "metrics_summary": {
        "test_loss_mean": 0.06774,
        "test_loss_std": 0.00085,
        "test_accuracy_mean": 0.47843,
        "test_accuracy_std": 0.00374,
        "test_weighted_f1_mean": 0.46894,
        "test_weighted_f1_std": 0.00612,
        "test_macro_f1_mean": 0.45398,
        "test_macro_f1_std": 0.00737,
        "bin_0_1-5_loss_mean": 0.87825,
        "bin_0_1-5_loss_std": 0.0213,
        "bin_0_1-5_accuracy_mean": 0.62037,
        "bin_0_1-5_accuracy_std": 0.02361,
        "bin_0_1-5_weighted_f1_mean": 0.60235,
        "bin_0_1-5_weighted_f1_std": 0.02258,
        "bin_0_1-5_macro_f1_mean": 0.57089,
        "bin_0_1-5_macro_f1_std": 0.02499,
        "bin_11_56-60_loss_mean": 1.42129,
        "bin_11_56-60_loss_std": 0.52573,
        "bin_11_56-60_accuracy_mean": 0.33333,
        "bin_11_56-60_accuracy_std": 0.4714,
        "bin_11_56-60_weighted_f1_mean": 0.33333,
        "bin_11_56-60_weighted_f1_std": 0.4714,
        "bin_11_56-60_macro_f1_mean": 0.33333,
        "bin_11_56-60_macro_f1_std": 0.4714,
        "bin_1_6-10_loss_mean": 0.38285,
        "bin_1_6-10_loss_std": 0.00317,
        "bin_1_6-10_accuracy_mean": 0.51944,
        "bin_1_6-10_accuracy_std": 0.00454,
        "bin_1_6-10_weighted_f1_mean": 0.51331,
        "bin_1_6-10_weighted_f1_std": 0.00256,
        "bin_1_6-10_macro_f1_mean": 0.50233,
        "bin_1_6-10_macro_f1_std": 0.00399,
        "bin_2_11-15_loss_mean": 0.28092,
        "bin_2_11-15_loss_std": 0.00443,
        "bin_2_11-15_accuracy_mean": 0.46717,
        "bin_2_11-15_accuracy_std": 0.00424,
        "bin_2_11-15_weighted_f1_mean": 0.44717,
        "bin_2_11-15_weighted_f1_std": 0.00856,
        "bin_2_11-15_macro_f1_mean": 0.42292,
        "bin_2_11-15_macro_f1_std": 0.00954,
        "bin_3_16-20_loss_mean": 0.29246,
        "bin_3_16-20_loss_std": 0.00415,
        "bin_3_16-20_accuracy_mean": 0.50634,
        "bin_3_16-20_accuracy_std": 0.00824,
        "bin_3_16-20_weighted_f1_mean": 0.49092,
        "bin_3_16-20_weighted_f1_std": 0.00403,
        "bin_3_16-20_macro_f1_mean": 0.47221,
        "bin_3_16-20_macro_f1_std": 0.0041,
        "bin_4_21-25_loss_mean": 0.36854,
        "bin_4_21-25_loss_std": 0.00574,
        "bin_4_21-25_accuracy_mean": 0.43417,
        "bin_4_21-25_accuracy_std": 0.02239,
        "bin_4_21-25_weighted_f1_mean": 0.41373,
        "bin_4_21-25_weighted_f1_std": 0.02106,
        "bin_4_21-25_macro_f1_mean": 0.39947,
        "bin_4_21-25_macro_f1_std": 0.02136,
        "bin_5_26-30_loss_mean": 0.47341,
        "bin_5_26-30_loss_std": 0.01255,
        "bin_5_26-30_accuracy_mean": 0.44364,
        "bin_5_26-30_accuracy_std": 0.02721,
        "bin_5_26-30_weighted_f1_mean": 0.43179,
        "bin_5_26-30_weighted_f1_std": 0.03399,
        "bin_5_26-30_macro_f1_mean": 0.40549,
        "bin_5_26-30_macro_f1_std": 0.03802,
        "bin_6_31-35_loss_mean": 0.65429,
        "bin_6_31-35_loss_std": 0.0225,
        "bin_6_31-35_accuracy_mean": 0.46259,
        "bin_6_31-35_accuracy_std": 0.01111,
        "bin_6_31-35_weighted_f1_mean": 0.4498,
        "bin_6_31-35_weighted_f1_std": 0.01487,
        "bin_6_31-35_macro_f1_mean": 0.43794,
        "bin_6_31-35_macro_f1_std": 0.01688,
        "bin_7_36-40_loss_mean": 1.21961,
        "bin_7_36-40_loss_std": 0.02168,
        "bin_7_36-40_accuracy_mean": 0.48889,
        "bin_7_36-40_accuracy_std": 0.03326,
        "bin_7_36-40_weighted_f1_mean": 0.46631,
        "bin_7_36-40_weighted_f1_std": 0.03822,
        "bin_7_36-40_macro_f1_mean": 0.44901,
        "bin_7_36-40_macro_f1_std": 0.03938,
        "bin_8_41-45_loss_mean": 1.36164,
        "bin_8_41-45_loss_std": 0.01865,
        "bin_8_41-45_accuracy_mean": 0.37179,
        "bin_8_41-45_accuracy_std": 0.03626,
        "bin_8_41-45_weighted_f1_mean": 0.32711,
        "bin_8_41-45_weighted_f1_std": 0.01287,
        "bin_8_41-45_macro_f1_mean": 0.33086,
        "bin_8_41-45_macro_f1_std": 0.011,
        "bin_9_46-50_loss_mean": 1.72847,
        "bin_9_46-50_loss_std": 0.031,
        "bin_9_46-50_accuracy_mean": 0.27778,
        "bin_9_46-50_accuracy_std": 0.07857,
        "bin_9_46-50_weighted_f1_mean": 0.24074,
        "bin_9_46-50_weighted_f1_std": 0.12317,
        "bin_9_46-50_macro_f1_mean": 0.17481,
        "bin_9_46-50_macro_f1_std": 0.06946
    },
    "max_epochs": [
        18,
        18,
        20
    ],
    "train_epoch_losses_list": [
        [
            0.7238053754438444,
            0.6119810656086193,
            0.5864198142560622,
            0.5674981892412071,
            0.5520587736312212,
            0.5380600604093131,
            0.5250233391734169,
            0.5133567590365574,
            0.5026745688584116,
            0.4923400687219951,
            0.48359503608680854,
            0.4742919120920096,
            0.4651377877928841,
            0.45701360583585193,
            0.44908216556589553,
            0.4422333346612763,
            0.4351413164736706,
            0.42873756020258474,
            0.4223243677128742
        ],
        [
            0.7190283142345052,
            0.6112844562143414,
            0.5861324102549299,
            0.5681779233619267,
            0.5529648261334228,
            0.5389555582837879,
            0.5262730226200512,
            0.5145720056314983,
            0.5029938044215965,
            0.49277386955438834,
            0.4833222025880045,
            0.47427449672714644,
            0.46555155276062904,
            0.4567335702199052,
            0.4493655172148967,
            0.44181307373752055,
            0.4351258053734362,
            0.4281311886026546,
            0.42198584095832886
        ],
        [
            0.7240128332810223,
            0.6108605178402436,
            0.5862548042187855,
            0.5677435268328783,
            0.5530778338698341,
            0.537762384004716,
            0.5252211514819582,
            0.5129612553660672,
            0.5017832254929722,
            0.4920132378224103,
            0.48217312273378476,
            0.47253751302362423,
            0.46386238315808753,
            0.4560715794003625,
            0.4487568715788389,
            0.44137522251766426,
            0.4342620212567244,
            0.42792846809297286,
            0.4217264433515277,
            0.4144449134376221,
            0.40918155716431903
        ]
    ],
    "val_epoch_metrics_list": [
        [
            {
                "loss": 0.14156359802057714,
                "accuracy": 0.44504995458673935,
                "weighted_f1": 0.41216444896499377,
                "macro_f1": 0.3856164758673743
            },
            {
                "loss": 0.13954842532122577,
                "accuracy": 0.44232515894641233,
                "weighted_f1": 0.4314595000045731,
                "macro_f1": 0.4257931356362269
            },
            {
                "loss": 0.13821557274571172,
                "accuracy": 0.4604904632152589,
                "weighted_f1": 0.4427689775629683,
                "macro_f1": 0.4245724736127425
            },
            {
                "loss": 0.1336108328383646,
                "accuracy": 0.4659400544959128,
                "weighted_f1": 0.43890280119047265,
                "macro_f1": 0.4203105101281109
            },
            {
                "loss": 0.1351549595962336,
                "accuracy": 0.4895549500454133,
                "weighted_f1": 0.4764123266592961,
                "macro_f1": 0.46832439094346745
            },
            {
                "loss": 0.13660423108089118,
                "accuracy": 0.48047229791099,
                "weighted_f1": 0.46816752570333015,