{
    "args": {
        "model": "LSTM",
        "supervise_nodes": true,
        "batch_size": 128,
        "max_epochs": 100,
        "eval_every": 1,
        "patience": 10,
        "trainable_embeddings": true,
        "word_embeddings": "word2vec"
    },
    "metrics_summary": {
        "test_loss_mean": 0.07244,
        "test_loss_std": 0.00273,
        "test_accuracy_mean": 0.46471,
        "test_accuracy_std": 0.00883,
        "test_weighted_f1_mean": 0.4596,
        "test_weighted_f1_std": 0.00776,
        "test_macro_f1_mean": 0.44428,
        "test_macro_f1_std": 0.00897,
        "bin_0_1-5_loss_mean": 0.91636,
        "bin_0_1-5_loss_std": 0.01013,
        "bin_0_1-5_accuracy_mean": 0.5787,
        "bin_0_1-5_accuracy_std": 0.03983,
        "bin_0_1-5_weighted_f1_mean": 0.56403,
        "bin_0_1-5_weighted_f1_std": 0.05011,
        "bin_0_1-5_macro_f1_mean": 0.51756,
        "bin_0_1-5_macro_f1_std": 0.06178,
        "bin_11_56-60_loss_mean": 3.02088,
        "bin_11_56-60_loss_std": 0.34446,
        "bin_11_56-60_accuracy_mean": 0.0,
        "bin_11_56-60_accuracy_std": 0.0,
        "bin_11_56-60_weighted_f1_mean": 0.0,
        "bin_11_56-60_weighted_f1_std": 0.0,
        "bin_11_56-60_macro_f1_mean": 0.0,
        "bin_11_56-60_macro_f1_std": 0.0,
        "bin_1_6-10_loss_mean": 0.40537,
        "bin_1_6-10_loss_std": 0.01502,
        "bin_1_6-10_accuracy_mean": 0.52407,
        "bin_1_6-10_accuracy_std": 0.00131,
        "bin_1_6-10_weighted_f1_mean": 0.52803,
        "bin_1_6-10_weighted_f1_std": 0.00254,
        "bin_1_6-10_macro_f1_mean": 0.51809,
        "bin_1_6-10_macro_f1_std": 0.00487,
        "bin_2_11-15_loss_mean": 0.2898,
        "bin_2_11-15_loss_std": 0.00437,
        "bin_2_11-15_accuracy_mean": 0.44306,
        "bin_2_11-15_accuracy_std": 0.01121,
        "bin_2_11-15_weighted_f1_mean": 0.4292,
        "bin_2_11-15_weighted_f1_std": 0.01667,
        "bin_2_11-15_macro_f1_mean": 0.40542,
        "bin_2_11-15_macro_f1_std": 0.02021,
        "bin_3_16-20_loss_mean": 0.31021,
        "bin_3_16-20_loss_std": 0.00968,
        "bin_3_16-20_accuracy_mean": 0.48248,
        "bin_3_16-20_accuracy_std": 0.01476,
        "bin_3_16-20_weighted_f1_mean": 0.47001,
        "bin_3_16-20_weighted_f1_std": 0.00985,
        "bin_3_16-20_macro_f1_mean": 0.45085,
        "bin_3_16-20_macro_f1_std": 0.01036,
        "bin_4_21-25_loss_mean": 0.40227,
        "bin_4_21-25_loss_std": 0.02829,
        "bin_4_21-25_accuracy_mean": 0.42167,
        "bin_4_21-25_accuracy_std": 0.01983,
        "bin_4_21-25_weighted_f1_mean": 0.40938,
        "bin_4_21-25_weighted_f1_std": 0.02432,
        "bin_4_21-25_macro_f1_mean": 0.39785,
        "bin_4_21-25_macro_f1_std": 0.02856,
        "bin_5_26-30_loss_mean": 0.51028,
        "bin_5_26-30_loss_std": 0.04331,
        "bin_5_26-30_accuracy_mean": 0.45576,
        "bin_5_26-30_accuracy_std": 0.02678,
        "bin_5_26-30_weighted_f1_mean": 0.44348,
        "bin_5_26-30_weighted_f1_std": 0.0164,
        "bin_5_26-30_macro_f1_mean": 0.40986,
        "bin_5_26-30_macro_f1_std": 0.01171,
        "bin_6_31-35_loss_mean": 0.66368,
        "bin_6_31-35_loss_std": 0.06271,
        "bin_6_31-35_accuracy_mean": 0.45125,
        "bin_6_31-35_accuracy_std": 0.01951,
        "bin_6_31-35_weighted_f1_mean": 0.43363,
        "bin_6_31-35_weighted_f1_std": 0.01434,
        "bin_6_31-35_macro_f1_mean": 0.41147,
        "bin_6_31-35_macro_f1_std": 0.00513,
        "bin_7_36-40_loss_mean": 1.38073,
        "bin_7_36-40_loss_std": 0.10147,
        "bin_7_36-40_accuracy_mean": 0.39556,
        "bin_7_36-40_accuracy_std": 0.0619,
        "bin_7_36-40_weighted_f1_mean": 0.39291,
        "bin_7_36-40_weighted_f1_std": 0.05897,
        "bin_7_36-40_macro_f1_mean": 0.3997,
        "bin_7_36-40_macro_f1_std": 0.06705,
        "bin_8_41-45_loss_mean": 1.46401,
        "bin_8_41-45_loss_std": 0.05726,
        "bin_8_41-45_accuracy_mean": 0.4359,
        "bin_8_41-45_accuracy_std": 0.01813,
        "bin_8_41-45_weighted_f1_mean": 0.37415,
        "bin_8_41-45_weighted_f1_std": 0.02463,
        "bin_8_41-45_macro_f1_mean": 0.39624,
        "bin_8_41-45_macro_f1_std": 0.03604,
        "bin_9_46-50_loss_mean": 1.29647,
        "bin_9_46-50_loss_std": 0.09572,
        "bin_9_46-50_accuracy_mean": 0.33333,
        "bin_9_46-50_accuracy_std": 0.13608,
        "bin_9_46-50_weighted_f1_mean": 0.44074,
        "bin_9_46-50_weighted_f1_std": 0.14064,
        "bin_9_46-50_macro_f1_mean": 0.19333,
        "bin_9_46-50_macro_f1_std": 0.10513
    },
    "max_epochs": [
        13,
        11,
        14
    ],
    "train_epoch_losses_list": [
        [
            0.6288232639875024,
            0.453679929894041,
            0.40674791923477804,
            0.3794967564280511,
            0.3595008441015308,
            0.3426546321391873,
            0.32728051794736596,
            0.3128533304460545,
            0.30042974733061073,
            0.2880947305726147,
            0.27712647236755383,
            0.2665783510060984,
            0.25645808966506817,
            0.24720921896176531
        ],
        [
            0.6248171537041851,
            0.45197328077468885,
            0.40410683540181375,
            0.3759044768501522,
            0.35558380254184324,
            0.3384135330157101,
            0.3231481462250666,
            0.308834349797785,
            0.2965985577180399,
            0.28388841173586804,
            0.2724110121300942,
            0.2617631473772356
        ],
        [
            0.6273165937040893,
            0.45164372011762643,
            0.4042841246197108,
            0.37710841924698324,
            0.3565764062293165,
            0.3400294000985384,
            0.3246160027788185,
            0.31170617562247926,
            0.2981002512905333,
            0.2871362672468679,
            0.27586950113084485,
            0.26482357376536386,
            0.25475317897371286,
            0.24544415115167464,
            0.23620374901555422
        ]
    ],
    "val_epoch_metrics_list": [
        [
            {
                "loss": 0.13858046649414815,
                "accuracy": 0.4659400544959128,
                "weighted_f1": 0.4459493883771348,
                "macro_f1": 0.4250337907647947
            },
            {
                "loss": 0.14434481255802106,
                "accuracy": 0.4623069936421435,
                "weighted_f1": 0.4534669642518408,
                "macro_f1": 0.4526050551649988
            },
            {
                "loss": 0.14696970103699483,
                "accuracy": 0.47593097184377836,
                "weighted_f1": 0.4653069859098268,
                "macro_f1": 0.4523136458428354
            },
            {
                "loss": 0.1521002863660271,
                "accuracy": 0.47956403269754766,
                "weighted_f1": 0.4649797841751802,
                "macro_f1": 0.45524500821006814
            },
            {
                "loss": 0.15878280739725373,
                "accuracy": 0.4713896457765668,
                "weighted_f1": 0.46754270505047185,
                "macro_f1": 0.4608881946806832
            },
            {
                "loss": 0.16953594301953728,
                "accuracy": 0.4677565849227975,
                "weighted_f1": 0.4633745201448203,
                "macro_f1": 0.45898432144247375
            },
            {
                "loss": 0.17471746309303943,
                "accuracy": 0.4604904632152589,
                "weighted_f1": 0.45617859418995277,
                "macro_f1": 0.447098551179738
            },
            {
                "loss": 0.18128001837082852,
                "accuracy": 0.44595821980018163,
                "weighted_f1": 0.44284431893204923,
                "macro_f1": 0.43154181677840375
            },
            {
                "loss": 0.19423600920924433,
                "accuracy": 0.44868301544050865,
                "weighted_f1": 0.4452508192622192,