{
    "args": {
        "model": "LSTM",
        "supervise_nodes": false,
        "batch_size": 128,
        "max_epochs": 100,
        "eval_every": 1,
        "patience": 10,
        "trainable_embeddings": true,
        "word_embeddings": "glove"
    },
    "metrics_summary": {
        "test_loss_mean": 0.07726,
        "test_loss_std": 0.00771,
        "test_accuracy_mean": 0.45279,
        "test_accuracy_std": 0.00175,
        "test_weighted_f1_mean": 0.44331,
        "test_weighted_f1_std": 0.00678,
        "test_macro_f1_mean": 0.42096,
        "test_macro_f1_std": 0.01238,
        "bin_0_1-5_loss_mean": 1.15596,
        "bin_0_1-5_loss_std": 0.03039,
        "bin_0_1-5_accuracy_mean": 0.5,
        "bin_0_1-5_accuracy_std": 0.05197,
        "bin_0_1-5_weighted_f1_mean": 0.50463,
        "bin_0_1-5_weighted_f1_std": 0.0544,
        "bin_0_1-5_macro_f1_mean": 0.47322,
        "bin_0_1-5_macro_f1_std": 0.0539,
        "bin_11_56-60_loss_mean": 3.75786,
        "bin_11_56-60_loss_std": 1.34605,
        "bin_11_56-60_accuracy_mean": 0.0,
        "bin_11_56-60_accuracy_std": 0.0,
        "bin_11_56-60_weighted_f1_mean": 0.0,
        "bin_11_56-60_weighted_f1_std": 0.0,
        "bin_11_56-60_macro_f1_mean": 0.0,
        "bin_11_56-60_macro_f1_std": 0.0,
        "bin_1_6-10_loss_mean": 0.38945,
        "bin_1_6-10_loss_std": 0.00454,
        "bin_1_6-10_accuracy_mean": 0.49815,
        "bin_1_6-10_accuracy_std": 0.01386,
        "bin_1_6-10_weighted_f1_mean": 0.49196,
        "bin_1_6-10_weighted_f1_std": 0.02255,
        "bin_1_6-10_macro_f1_mean": 0.46273,
        "bin_1_6-10_macro_f1_std": 0.03236,
        "bin_2_11-15_loss_mean": 0.3177,
        "bin_2_11-15_loss_std": 0.02482,
        "bin_2_11-15_accuracy_mean": 0.43308,
        "bin_2_11-15_accuracy_std": 0.00311,
        "bin_2_11-15_weighted_f1_mean": 0.41169,
        "bin_2_11-15_weighted_f1_std": 0.00937,
        "bin_2_11-15_macro_f1_mean": 0.3846,
        "bin_2_11-15_macro_f1_std": 0.0126,
        "bin_3_16-20_loss_mean": 0.32996,
        "bin_3_16-20_loss_std": 0.03379,
        "bin_3_16-20_accuracy_mean": 0.49814,
        "bin_3_16-20_accuracy_std": 0.0183,
        "bin_3_16-20_weighted_f1_mean": 0.4885,
        "bin_3_16-20_weighted_f1_std": 0.01431,
        "bin_3_16-20_macro_f1_mean": 0.46784,
        "bin_3_16-20_macro_f1_std": 0.01079,
        "bin_4_21-25_loss_mean": 0.42319,
        "bin_4_21-25_loss_std": 0.06663,
        "bin_4_21-25_accuracy_mean": 0.42917,
        "bin_4_21-25_accuracy_std": 0.00118,
        "bin_4_21-25_weighted_f1_mean": 0.4145,
        "bin_4_21-25_weighted_f1_std": 0.01204,
        "bin_4_21-25_macro_f1_mean": 0.39611,
        "bin_4_21-25_macro_f1_std": 0.01715,
        "bin_5_26-30_loss_mean": 0.55929,
        "bin_5_26-30_loss_std": 0.0662,
        "bin_5_26-30_accuracy_mean": 0.43152,
        "bin_5_26-30_accuracy_std": 0.00454,
        "bin_5_26-30_weighted_f1_mean": 0.42752,
        "bin_5_26-30_weighted_f1_std": 0.00232,
        "bin_5_26-30_macro_f1_mean": 0.39431,
        "bin_5_26-30_macro_f1_std": 0.01307,
        "bin_6_31-35_loss_mean": 0.77793,
        "bin_6_31-35_loss_std": 0.10584,
        "bin_6_31-35_accuracy_mean": 0.35147,
        "bin_6_31-35_accuracy_std": 0.01697,
        "bin_6_31-35_weighted_f1_mean": 0.34197,
        "bin_6_31-35_weighted_f1_std": 0.01506,
        "bin_6_31-35_macro_f1_mean": 0.32185,
        "bin_6_31-35_macro_f1_std": 0.02195,
        "bin_7_36-40_loss_mean": 1.68016,
        "bin_7_36-40_loss_std": 0.18496,
        "bin_7_36-40_accuracy_mean": 0.43111,
        "bin_7_36-40_accuracy_std": 0.00629,
        "bin_7_36-40_weighted_f1_mean": 0.42372,
        "bin_7_36-40_weighted_f1_std": 0.01074,
        "bin_7_36-40_macro_f1_mean": 0.40978,
        "bin_7_36-40_macro_f1_std": 0.02016,
        "bin_8_41-45_loss_mean": 1.49413,
        "bin_8_41-45_loss_std": 0.314,
        "bin_8_41-45_accuracy_mean": 0.46154,
        "bin_8_41-45_accuracy_std": 0.06281,
        "bin_8_41-45_weighted_f1_mean": 0.45066,
        "bin_8_41-45_weighted_f1_std": 0.06701,
        "bin_8_41-45_macro_f1_mean": 0.46203,
        "bin_8_41-45_macro_f1_std": 0.05853,
        "bin_9_46-50_loss_mean": 2.07082,
        "bin_9_46-50_loss_std": 0.04191,
        "bin_9_46-50_accuracy_mean": 0.44444,
        "bin_9_46-50_accuracy_std": 0.15713,
        "bin_9_46-50_weighted_f1_mean": 0.47011,
        "bin_9_46-50_weighted_f1_std": 0.13057,
        "bin_9_46-50_macro_f1_mean": 0.31079,
        "bin_9_46-50_macro_f1_std": 0.10246
    },
    "max_epochs": [
        15,
        15,
        19
    ],
    "train_epoch_losses_list": [
        [
            1.5640127267410506,
            1.395013942647336,
            1.261725386576866,
            1.1753821550910153,
            1.0777770369800168,
            0.983824037793857,
            0.8948425223578268,
            0.786915270250235,
            0.6880585382233805,
            0.6001422681025604,
            0.5134360816941332,
            0.43871167391093807,
            0.3836753546301998,
            0.33070224857152397,
            0.2832882691230347,
            0.24333351806028566
        ],
        [
            1.5661957513040572,
            1.4115627096660102,
            1.2647709704157133,
            1.1647395714005429,
            1.0756813403385788,
            0.9857998276824382,
            0.8957222895835762,
            0.792062724704173,
            0.6904242883867292,
            0.5961208619288544,
            0.5114254684590581,
            0.43096486890493935,
            0.3839779060278366,
            0.32154843544782097,
            0.27004993517897025,
            0.24109624303988555
        ],
        [
            1.5622410080326137,
            1.38958696998767,
            1.2638018718406336,
            1.1608019417791224,
            1.0679544183745313,
            0.9834369492174974,
            0.899954415079373,
            0.790806050620862,
            0.684491543627497,
            0.616901016502238,
            0.5156400692996694,
            0.42615512458246146,
            0.3868599380575009,
            0.3344003500333473,
            0.266178820782633,
            0.23216228654135518,
            0.2114635162166695,
            0.18846193734389632,
            0.1680632785741073,
            0.1365402218566012
        ]
    ],
    "val_epoch_metrics_list": [
        [
            {
                "loss": 0.16898310331650723,
                "accuracy": 0.32879200726612173,
                "weighted_f1": 0.2260082496510918,
                "macro_f1": 0.17594303132764672
            },
            {
                "loss": 0.14784421302654127,
                "accuracy": 0.3932788374205268,
                "weighted_f1": 0.2973730205716831,
                "macro_f1": 0.25171979567417824
            },
            {
                "loss": 0.14400228306099222,
                "accuracy": 0.4123524069028156,
                "weighted_f1": 0.33450800412607806,
                "macro_f1": 0.29532170084890924
            },
            {
                "loss": 0.1468119032589006,
                "accuracy": 0.4232515894641235,
                "weighted_f1": 0.38875373227367677,
                "macro_f1": 0.36188080986356574
            },
            {
                "loss": 0.14588446823167212,
                "accuracy": 0.43505903723887374,
                "weighted_f1": 0.39595808635488217,
                "macro_f1": 0.36339412921489195
            },
            {
                "loss": 0.148821152286765,
                "accuracy": 0.43869209809264303,
                "weighted_f1": 0.419771515233266,
                "macro_f1": 0.39960430015153137
            },
            {
                "loss": 0.16618483154862015,
                "accuracy": 0.4296094459582198,
                "weighted_f1": 0.41904919754962594,
                "macro_f1": 0.41867664973299457
            },
            {
                "loss": 0.16691074547944246,