{
    "args": {
        "model": "LSTM",
        "supervise_nodes": false,
        "batch_size": 128,
        "max_epochs": 100,
        "eval_every": 1,
        "patience": 10,
        "trainable_embeddings": true,
        "word_embeddings": "word2vec"
    },
    "metrics_summary": {
        "test_loss_mean": 0.07309,
        "test_loss_std": 0.00088,
        "test_accuracy_mean": 0.41991,
        "test_accuracy_std": 0.00296,
        "test_weighted_f1_mean": 0.35445,
        "test_weighted_f1_std": 0.01899,
        "test_macro_f1_mean": 0.3027,
        "test_macro_f1_std": 0.0243,
        "bin_0_1-5_loss_mean": 1.3654,
        "bin_0_1-5_loss_std": 0.0513,
        "bin_0_1-5_accuracy_mean": 0.3287,
        "bin_0_1-5_accuracy_std": 0.06246,
        "bin_0_1-5_weighted_f1_mean": 0.24465,
        "bin_0_1-5_weighted_f1_std": 0.09406,
        "bin_0_1-5_macro_f1_mean": 0.23064,
        "bin_0_1-5_macro_f1_std": 0.06759,
        "bin_11_56-60_loss_mean": 2.20914,
        "bin_11_56-60_loss_std": 0.19128,
        "bin_11_56-60_accuracy_mean": 0.0,
        "bin_11_56-60_accuracy_std": 0.0,
        "bin_11_56-60_weighted_f1_mean": 0.0,
        "bin_11_56-60_weighted_f1_std": 0.0,
        "bin_11_56-60_macro_f1_mean": 0.0,
        "bin_11_56-60_macro_f1_std": 0.0,
        "bin_1_6-10_loss_mean": 0.42738,
        "bin_1_6-10_loss_std": 0.01082,
        "bin_1_6-10_accuracy_mean": 0.41389,
        "bin_1_6-10_accuracy_std": 0.00393,
        "bin_1_6-10_weighted_f1_mean": 0.33099,
        "bin_1_6-10_weighted_f1_std": 0.03109,
        "bin_1_6-10_macro_f1_mean": 0.26996,
        "bin_1_6-10_macro_f1_std": 0.03932,
        "bin_2_11-15_loss_mean": 0.31385,
        "bin_2_11-15_loss_std": 0.00346,
        "bin_2_11-15_accuracy_mean": 0.42893,
        "bin_2_11-15_accuracy_std": 0.00611,
        "bin_2_11-15_weighted_f1_mean": 0.34782,
        "bin_2_11-15_weighted_f1_std": 0.02907,
        "bin_2_11-15_macro_f1_mean": 0.30114,
        "bin_2_11-15_macro_f1_std": 0.0348,
        "bin_3_16-20_loss_mean": 0.31107,
        "bin_3_16-20_loss_std": 0.00187,
        "bin_3_16-20_accuracy_mean": 0.47054,
        "bin_3_16-20_accuracy_std": 0.00211,
        "bin_3_16-20_weighted_f1_mean": 0.40847,
        "bin_3_16-20_weighted_f1_std": 0.01759,
        "bin_3_16-20_macro_f1_mean": 0.34484,
        "bin_3_16-20_macro_f1_std": 0.02048,
        "bin_4_21-25_loss_mean": 0.37711,
        "bin_4_21-25_loss_std": 0.02106,
        "bin_4_21-25_accuracy_mean": 0.37083,
        "bin_4_21-25_accuracy_std": 0.00773,
        "bin_4_21-25_weighted_f1_mean": 0.30749,
        "bin_4_21-25_weighted_f1_std": 0.01099,
        "bin_4_21-25_macro_f1_mean": 0.26932,
        "bin_4_21-25_macro_f1_std": 0.01467,
        "bin_5_26-30_loss_mean": 0.49091,
        "bin_5_26-30_loss_std": 0.03969,
        "bin_5_26-30_accuracy_mean": 0.43758,
        "bin_5_26-30_accuracy_std": 0.02306,
        "bin_5_26-30_weighted_f1_mean": 0.38525,
        "bin_5_26-30_weighted_f1_std": 0.01589,
        "bin_5_26-30_macro_f1_mean": 0.31733,
        "bin_5_26-30_macro_f1_std": 0.02095,
        "bin_6_31-35_loss_mean": 0.67553,
        "bin_6_31-35_loss_std": 0.02876,
        "bin_6_31-35_accuracy_mean": 0.40136,
        "bin_6_31-35_accuracy_std": 0.02003,
        "bin_6_31-35_weighted_f1_mean": 0.3401,
        "bin_6_31-35_weighted_f1_std": 0.00439,
        "bin_6_31-35_macro_f1_mean": 0.29712,
        "bin_6_31-35_macro_f1_std": 0.01398,
        "bin_7_36-40_loss_mean": 1.39773,
        "bin_7_36-40_loss_std": 0.06495,
        "bin_7_36-40_accuracy_mean": 0.43111,
        "bin_7_36-40_accuracy_std": 0.01257,
        "bin_7_36-40_weighted_f1_mean": 0.36981,
        "bin_7_36-40_weighted_f1_std": 0.01981,
        "bin_7_36-40_macro_f1_mean": 0.31182,
        "bin_7_36-40_macro_f1_std": 0.02307,
        "bin_8_41-45_loss_mean": 1.3988,
        "bin_8_41-45_loss_std": 0.05955,
        "bin_8_41-45_accuracy_mean": 0.42308,
        "bin_8_41-45_accuracy_std": 0.0314,
        "bin_8_41-45_weighted_f1_mean": 0.35167,
        "bin_8_41-45_weighted_f1_std": 0.03166,
        "bin_8_41-45_macro_f1_mean": 0.32576,
        "bin_8_41-45_macro_f1_std": 0.02482,
        "bin_9_46-50_loss_mean": 1.7019,
        "bin_9_46-50_loss_std": 0.40742,
        "bin_9_46-50_accuracy_mean": 0.33333,
        "bin_9_46-50_accuracy_std": 0.0,
        "bin_9_46-50_weighted_f1_mean": 0.34074,
        "bin_9_46-50_weighted_f1_std": 0.02619,
        "bin_9_46-50_macro_f1_mean": 0.28148,
        "bin_9_46-50_macro_f1_std": 0.05238
    },
    "max_epochs": [
        14,
        12,
        12
    ],
    "train_epoch_losses_list": [
        [
            1.5803463886033242,
            1.4578340711878306,
            1.2796113170794587,
            1.152063250541687,
            1.0398937348109574,
            0.924248456954956,
            0.8091114350219271,
            0.6989260947526391,
            0.5962835866123882,
            0.5245839891149037,
            0.44442210802391396,
            0.3636236497715338,
            0.3181410509703764,
            0.3043653591355281,
            0.26495411814148745
        ],
        [
            1.575608088009393,
            1.4656308159899356,
            1.2834993138242123,
            1.1472880626792339,
            1.036479503361147,
            0.9256864545950249,
            0.8156442295259504,
            0.74333442502947,
            0.630237006429416,
            0.5442072464458978,
            0.4837708722299604,
            0.42466140371650013,
            0.36381273016111176
        ],
        [
            1.5779014185293396,
            1.474059695628152,
            1.3083866745678348,
            1.168019648808152,
            1.0425195907478901,
            0.9313717030767185,
            0.8106688296616967,
            0.7055299353243699,
            0.6018484016852592,
            0.5241767208078014,
            0.47104836444356546,
            0.416474647041577,
            0.3458991891412593
        ]
    ],
    "val_epoch_metrics_list": [
        [
            {
                "loss": 0.17311240125585484,
                "accuracy": 0.3478655767484105,
                "weighted_f1": 0.2364273849944051,
                "macro_f1": 0.18335680383873157
            },
            {
                "loss": 0.15287936763998902,
                "accuracy": 0.3869209809264305,
                "weighted_f1": 0.2632209641796909,
                "macro_f1": 0.2040312782509055
            },
            {
                "loss": 0.14600907431708443,
                "accuracy": 0.3905540417801998,
                "weighted_f1": 0.2818598473602,
                "macro_f1": 0.23113684689399153
            },
            {
                "loss": 0.14740427776619242,
                "accuracy": 0.410535876475931,
                "weighted_f1": 0.35928325137367134,
                "macro_f1": 0.31763017387866277
            },
            {
                "loss": 0.1536976864308487,
                "accuracy": 0.4196185286103542,
                "weighted_f1": 0.3761026081867211,
                "macro_f1": 0.3441572984053531
            },
            {
                "loss": 0.15677901403403577,
                "accuracy": 0.4114441416893733,
                "weighted_f1": 0.3793724952169288,
                "macro_f1": 0.35699905938200854
            },
            {
                "loss": 0.18328265054726306,
                "accuracy": 0.40599455040871935,
                "weighted_f1": 0.3978164302898807,
                "macro_f1": 0.3949339587351785
            },
            {
                "loss": 0.19578976542861373,
                "accuracy": 0.410535876475931,
                "weighted_f1": 0.40304225231613094,
                "macro_f1": 0.39912284512107615
            },
            {
                "loss": 0.20396248205208484,
                "accuracy": 0.40962761126248864,
                "weighted_f1": 0.4042853087529243,