{
    "args": {
        "model": "PTDeepCBOW",
        "supervise_nodes": false,
        "batch_size": 128,
        "max_epochs": 100,
        "eval_every": 1,
        "patience": 10,
        "trainable_embeddings": true,
        "word_embeddings": "glove"
    },
    "metrics_summary": {
        "test_loss_mean": 0.06821,
        "test_loss_std": 0.00029,
        "test_accuracy_mean": 0.45792,
        "test_accuracy_std": 0.00485,
        "test_weighted_f1_mean": 0.43125,
        "test_weighted_f1_std": 0.00745,
        "test_macro_f1_mean": 0.40806,
        "test_macro_f1_std": 0.00967,
        "bin_0_1-5_loss_mean": 1.26415,
        "bin_0_1-5_loss_std": 0.00518,
        "bin_0_1-5_accuracy_mean": 0.40741,
        "bin_0_1-5_accuracy_std": 0.00655,
        "bin_0_1-5_weighted_f1_mean": 0.32071,
        "bin_0_1-5_weighted_f1_std": 0.01154,
        "bin_0_1-5_macro_f1_mean": 0.39024,
        "bin_0_1-5_macro_f1_std": 0.01994,
        "bin_11_56-60_loss_mean": 0.8555,
        "bin_11_56-60_loss_std": 0.11225,
        "bin_11_56-60_accuracy_mean": 1.0,
        "bin_11_56-60_accuracy_std": 0.0,
        "bin_11_56-60_weighted_f1_mean": 1.0,
        "bin_11_56-60_weighted_f1_std": 0.0,
        "bin_11_56-60_macro_f1_mean": 1.0,
        "bin_11_56-60_macro_f1_std": 0.0,
        "bin_1_6-10_loss_mean": 0.38202,
        "bin_1_6-10_loss_std": 0.00694,
        "bin_1_6-10_accuracy_mean": 0.50833,
        "bin_1_6-10_accuracy_std": 0.02576,
        "bin_1_6-10_weighted_f1_mean": 0.48655,
        "bin_1_6-10_weighted_f1_std": 0.02791,
        "bin_1_6-10_macro_f1_mean": 0.46149,
        "bin_1_6-10_macro_f1_std": 0.02811,
        "bin_2_11-15_loss_mean": 0.28834,
        "bin_2_11-15_loss_std": 0.00033,
        "bin_2_11-15_accuracy_mean": 0.44805,
        "bin_2_11-15_accuracy_std": 0.00588,
        "bin_2_11-15_weighted_f1_mean": 0.41332,
        "bin_2_11-15_weighted_f1_std": 0.0088,
        "bin_2_11-15_macro_f1_mean": 0.39208,
        "bin_2_11-15_macro_f1_std": 0.01075,
        "bin_3_16-20_loss_mean": 0.29665,
        "bin_3_16-20_loss_std": 0.00212,
        "bin_3_16-20_accuracy_mean": 0.48919,
        "bin_3_16-20_accuracy_std": 0.00279,
        "bin_3_16-20_weighted_f1_mean": 0.44897,
        "bin_3_16-20_weighted_f1_std": 0.00292,
        "bin_3_16-20_macro_f1_mean": 0.43205,
        "bin_3_16-20_macro_f1_std": 0.00468,
        "bin_4_21-25_loss_mean": 0.34806,
        "bin_4_21-25_loss_std": 0.00375,
        "bin_4_21-25_accuracy_mean": 0.4275,
        "bin_4_21-25_accuracy_std": 0.0108,
        "bin_4_21-25_weighted_f1_mean": 0.39462,
        "bin_4_21-25_weighted_f1_std": 0.00834,
        "bin_4_21-25_macro_f1_mean": 0.37884,
        "bin_4_21-25_macro_f1_std": 0.00767,
        "bin_5_26-30_loss_mean": 0.4516,
        "bin_5_26-30_loss_std": 0.0056,
        "bin_5_26-30_accuracy_mean": 0.42424,
        "bin_5_26-30_accuracy_std": 0.00747,
        "bin_5_26-30_weighted_f1_mean": 0.39265,
        "bin_5_26-30_weighted_f1_std": 0.0093,
        "bin_5_26-30_macro_f1_mean": 0.35054,
        "bin_5_26-30_macro_f1_std": 0.00951,
        "bin_6_31-35_loss_mean": 0.61224,
        "bin_6_31-35_loss_std": 0.00753,
        "bin_6_31-35_accuracy_mean": 0.42177,
        "bin_6_31-35_accuracy_std": 0.01666,
        "bin_6_31-35_weighted_f1_mean": 0.36804,
        "bin_6_31-35_weighted_f1_std": 0.01728,
        "bin_6_31-35_macro_f1_mean": 0.33713,
        "bin_6_31-35_macro_f1_std": 0.02378,
        "bin_7_36-40_loss_mean": 1.32926,
        "bin_7_36-40_loss_std": 0.0061,
        "bin_7_36-40_accuracy_mean": 0.42667,
        "bin_7_36-40_accuracy_std": 0.03266,
        "bin_7_36-40_weighted_f1_mean": 0.38714,
        "bin_7_36-40_weighted_f1_std": 0.0392,
        "bin_7_36-40_macro_f1_mean": 0.35585,
        "bin_7_36-40_macro_f1_std": 0.05013,
        "bin_8_41-45_loss_mean": 1.31624,
        "bin_8_41-45_loss_std": 0.04823,
        "bin_8_41-45_accuracy_mean": 0.35897,
        "bin_8_41-45_accuracy_std": 0.06537,
        "bin_8_41-45_weighted_f1_mean": 0.2664,
        "bin_8_41-45_weighted_f1_std": 0.07955,
        "bin_8_41-45_macro_f1_mean": 0.27017,
        "bin_8_41-45_macro_f1_std": 0.08994,
        "bin_9_46-50_loss_mean": 1.227,
        "bin_9_46-50_loss_std": 0.04704,
        "bin_9_46-50_accuracy_mean": 0.61111,
        "bin_9_46-50_accuracy_std": 0.07857,
        "bin_9_46-50_weighted_f1_mean": 0.60688,
        "bin_9_46-50_weighted_f1_std": 0.06772,
        "bin_9_46-50_macro_f1_mean": 0.42011,
        "bin_9_46-50_macro_f1_std": 0.04564
    },
    "max_epochs": [
        17,
        19,
        19
    ],
    "train_epoch_losses_list": [
        [
            1.5454487925145164,
            1.4604336966329545,
            1.3651096126926479,
            1.2947118691544035,
            1.2390422340649276,
            1.1959637937261098,
            1.1551734031136356,
            1.1188114721383622,
            1.0797850338380728,
            1.0412138940683051,
            1.0015419846150413,
            0.9604237586704653,
            0.9181595693773298,
            0.875062505700695,
            0.8317676480136701,
            0.7876846781417505,
            0.7391837194784364,
            0.6944812296041801
        ],
        [
            1.5485033455179698,
            1.4591178555986775,
            1.3690737646017501,
            1.2962615578921872,
            1.242976298972742,
            1.197841194138598,
            1.1562611024771163,
            1.1168212214512612,
            1.0767820361834854,
            1.0372017381796197,
            0.9964164192996808,
            0.9543076362182845,
            0.9144612862103021,
            0.8685872937316326,
            0.8236964958817211,
            0.7779000490459044,
            0.7355610808329796,
            0.6860466199134713,
            0.6391603257229079,
            0.5922045583155617
        ],
        [
            1.5402933501485567,
            1.4465225881605006,
            1.3491857994848222,
            1.2795956846493393,
            1.2291151641020135,
            1.186480458103009,
            1.1471679993529817,
            1.1104815353208513,
            1.0718369590702341,
            1.0346654822577293,
            0.9946816972832182,
            0.957828060014924,
            0.9172698437277951,
            0.8715595193763277,
            0.8287956981516597,
            0.7823398540269083,
            0.7365920890623064,
            0.690649145574712,
            0.643700673509,
            0.5964121222496033
        ]
    ],
    "val_epoch_metrics_list": [
        [
            {
                "loss": 0.16756883962654773,
                "accuracy": 0.35149863760217986,
                "weighted_f1": 0.26049570772291236,
                "macro_f1": 0.21077513128817352
            },
            {
                "loss": 0.15731197080494447,
                "accuracy": 0.3860127157129882,
                "weighted_f1": 0.3029317742402098,
                "macro_f1": 0.25871003985814267
            },
            {
                "loss": 0.14945686452182722,
                "accuracy": 0.4178019981834696,
                "weighted_f1": 0.33761160870585144,
                "macro_f1": 0.2969981567543055
            },
            {
                "loss": 0.14644429713119694,
                "accuracy": 0.4250681198910082,
                "weighted_f1": 0.36967455131578675,
                "macro_f1": 0.3410012488066967
            },
            {
                "loss": 0.144301959026007,
                "accuracy": 0.4405086285195277,
                "weighted_f1": 0.38829727426888055,
                "macro_f1": 0.36744321726773366
            },
            {
                "loss": 0.14246855400226732,
                "accuracy": 0.4359673024523161,
                "weighted_f1": 0.398431238000576,
                "macro_f1": 0.37921598050311334
            },
            {
                "loss": 0.14287305761266636,