{
    "args": {
        "model": "PTDeepCBOW",
        "supervise_nodes": false,
        "batch_size": 128,
        "max_epochs": 100,
        "eval_every": 1,
        "patience": 10,
        "trainable_embeddings": true,
        "word_embeddings": "word2vec"
    },
    "metrics_summary": {
        "test_loss_mean": 0.06911,
        "test_loss_std": 0.00046,
        "test_accuracy_mean": 0.44811,
        "test_accuracy_std": 0.00502,
        "test_weighted_f1_mean": 0.42156,
        "test_weighted_f1_std": 0.00521,
        "test_macro_f1_mean": 0.39145,
        "test_macro_f1_std": 0.00912,
        "bin_0_1-5_loss_mean": 1.24502,
        "bin_0_1-5_loss_std": 0.0077,
        "bin_0_1-5_accuracy_mean": 0.43981,
        "bin_0_1-5_accuracy_std": 0.01732,
        "bin_0_1-5_weighted_f1_mean": 0.39095,
        "bin_0_1-5_weighted_f1_std": 0.0135,
        "bin_0_1-5_macro_f1_mean": 0.41559,
        "bin_0_1-5_macro_f1_std": 0.03498,
        "bin_11_56-60_loss_mean": 1.66123,
        "bin_11_56-60_loss_std": 0.28309,
        "bin_11_56-60_accuracy_mean": 0.0,
        "bin_11_56-60_accuracy_std": 0.0,
        "bin_11_56-60_weighted_f1_mean": 0.0,
        "bin_11_56-60_weighted_f1_std": 0.0,
        "bin_11_56-60_macro_f1_mean": 0.0,
        "bin_11_56-60_macro_f1_std": 0.0,
        "bin_1_6-10_loss_mean": 0.39156,
        "bin_1_6-10_loss_std": 0.00094,
        "bin_1_6-10_accuracy_mean": 0.50741,
        "bin_1_6-10_accuracy_std": 0.00346,
        "bin_1_6-10_weighted_f1_mean": 0.48473,
        "bin_1_6-10_weighted_f1_std": 0.00444,
        "bin_1_6-10_macro_f1_mean": 0.45249,
        "bin_1_6-10_macro_f1_std": 0.00709,
        "bin_2_11-15_loss_mean": 0.28656,
        "bin_2_11-15_loss_std": 0.00193,
        "bin_2_11-15_accuracy_mean": 0.46052,
        "bin_2_11-15_accuracy_std": 0.00715,
        "bin_2_11-15_weighted_f1_mean": 0.43022,
        "bin_2_11-15_weighted_f1_std": 0.00331,
        "bin_2_11-15_macro_f1_mean": 0.40761,
        "bin_2_11-15_macro_f1_std": 0.00427,
        "bin_3_16-20_loss_mean": 0.30302,
        "bin_3_16-20_loss_std": 0.00264,
        "bin_3_16-20_accuracy_mean": 0.48919,
        "bin_3_16-20_accuracy_std": 0.01243,
        "bin_3_16-20_weighted_f1_mean": 0.46002,
        "bin_3_16-20_weighted_f1_std": 0.01118,
        "bin_3_16-20_macro_f1_mean": 0.44082,
        "bin_3_16-20_macro_f1_std": 0.01385,
        "bin_4_21-25_loss_mean": 0.35024,
        "bin_4_21-25_loss_std": 0.00265,
        "bin_4_21-25_accuracy_mean": 0.39583,
        "bin_4_21-25_accuracy_std": 0.00471,
        "bin_4_21-25_weighted_f1_mean": 0.36944,
        "bin_4_21-25_weighted_f1_std": 0.01008,
        "bin_4_21-25_macro_f1_mean": 0.35489,
        "bin_4_21-25_macro_f1_std": 0.01599,
        "bin_5_26-30_loss_mean": 0.46987,
        "bin_5_26-30_loss_std": 0.01567,
        "bin_5_26-30_accuracy_mean": 0.44606,
        "bin_5_26-30_accuracy_std": 0.02914,
        "bin_5_26-30_weighted_f1_mean": 0.43015,
        "bin_5_26-30_weighted_f1_std": 0.03194,
        "bin_5_26-30_macro_f1_mean": 0.39465,
        "bin_5_26-30_macro_f1_std": 0.03545,
        "bin_6_31-35_loss_mean": 0.62766,
        "bin_6_31-35_loss_std": 0.03099,
        "bin_6_31-35_accuracy_mean": 0.4059,
        "bin_6_31-35_accuracy_std": 0.01283,
        "bin_6_31-35_weighted_f1_mean": 0.36745,
        "bin_6_31-35_weighted_f1_std": 0.01063,
        "bin_6_31-35_macro_f1_mean": 0.3339,
        "bin_6_31-35_macro_f1_std": 0.01019,
        "bin_7_36-40_loss_mean": 1.34179,
        "bin_7_36-40_loss_std": 0.00481,
        "bin_7_36-40_accuracy_mean": 0.42222,
        "bin_7_36-40_accuracy_std": 0.01257,
        "bin_7_36-40_weighted_f1_mean": 0.37685,
        "bin_7_36-40_weighted_f1_std": 0.01932,
        "bin_7_36-40_macro_f1_mean": 0.33006,
        "bin_7_36-40_macro_f1_std": 0.0275,
        "bin_8_41-45_loss_mean": 1.34001,
        "bin_8_41-45_loss_std": 0.02311,
        "bin_8_41-45_accuracy_mean": 0.37179,
        "bin_8_41-45_accuracy_std": 0.04797,
        "bin_8_41-45_weighted_f1_mean": 0.28316,
        "bin_8_41-45_weighted_f1_std": 0.06335,
        "bin_8_41-45_macro_f1_mean": 0.26687,
        "bin_8_41-45_macro_f1_std": 0.07475,
        "bin_9_46-50_loss_mean": 1.38739,
        "bin_9_46-50_loss_std": 0.13928,
        "bin_9_46-50_accuracy_mean": 0.38889,
        "bin_9_46-50_accuracy_std": 0.07857,
        "bin_9_46-50_weighted_f1_mean": 0.38889,
        "bin_9_46-50_weighted_f1_std": 0.08654,
        "bin_9_46-50_macro_f1_mean": 0.26667,
        "bin_9_46-50_macro_f1_std": 0.06542
    },
    "max_epochs": [
        16,
        18,
        18
    ],
    "train_epoch_losses_list": [
        [
            1.5538143755784675,
            1.479567750176387,
            1.3790898821247157,
            1.2827327749622401,
            1.2006248111155495,
            1.1332761156025217,
            1.0685890681708037,
            1.0094676213477976,
            0.9462505445551517,
            0.8852695182188234,
            0.8228641686154835,
            0.7609097032404658,
            0.6968805185004846,
            0.6348924325473273,
            0.5773439456277819,
            0.5191471928091191,
            0.4643730214282648
        ],
        [
            1.555578991548339,
            1.4742623033808238,
            1.3737501475348401,
            1.2798433143701127,
            1.2055700946210035,
            1.1408689911685772,
            1.0788043096883972,
            1.0172425748696967,
            0.9579079213427074,
            0.8963506479761494,
            0.8350189666249859,
            0.769830982186901,
            0.707184137693092,
            0.6436054546441605,
            0.5800896816289247,
            0.5220207927831962,
            0.4662153058087648,
            0.4162362720539321,
            0.3697772050526605
        ],
        [
            1.553372066412399,
            1.4860276695507675,
            1.393552778372124,
            1.2947256956527482,
            1.2142557154840499,
            1.1451997134222913,
            1.0803852881958236,
            1.017189140640088,
            0.9545378053366248,
            0.8879647263840064,
            0.8277635956878093,
            0.7618506853260211,
            0.6985472867737955,
            0.6359833558993553,
            0.574966552097406,
            0.5176840388952796,
            0.46138355180398744,
            0.4103406774463938,
            0.3651976767760604
        ]
    ],
    "val_epoch_metrics_list": [
        [
            {
                "loss": 0.16900935732288125,
                "accuracy": 0.3405994550408719,
                "weighted_f1": 0.23804642041609317,
                "macro_f1": 0.1865623583680137
            },
            {
                "loss": 0.1601279694357036,
                "accuracy": 0.371480472297911,
                "weighted_f1": 0.26587942547721555,
                "macro_f1": 0.21395806558368916
            },
            {
                "loss": 0.15116666717293822,
                "accuracy": 0.40417801998183467,
                "weighted_f1": 0.3069462551552337,
                "macro_f1": 0.26259737285664275
            },
            {
                "loss": 0.1462799972958035,
                "accuracy": 0.4259763851044505,
                "weighted_f1": 0.3555491089641391,
                "macro_f1": 0.318294185703051
            },
            {
                "loss": 0.14489541230378328,
                "accuracy": 0.42779291553133514,
                "weighted_f1": 0.36488512140275586,
                "macro_f1": 0.3329422433262315
            },
            {
                "loss": 0.14417415489385157,
                "accuracy": 0.4214350590372389,
                "weighted_f1": 0.3787897508824661,
                "macro_f1": 0.34908255825998324
            },
            {
                "loss": 0.14557218698807706,
                "accuracy": 0.43142597638510444,
                "weighted_f1": 0.3908309734176593,