{
    "args": {
        "model": "PTDeepCBOW",
        "supervise_nodes": true,
        "batch_size": 128,
        "max_epochs": 100,
        "eval_every": 1,
        "patience": 10,
        "trainable_embeddings": true,
        "word_embeddings": "glove"
    },
    "metrics_summary": {
        "test_loss_mean": 0.0694,
        "test_loss_std": 0.00091,
        "test_accuracy_mean": 0.46471,
        "test_accuracy_std": 0.00591,
        "test_weighted_f1_mean": 0.45854,
        "test_weighted_f1_std": 0.0029,
        "test_macro_f1_mean": 0.44509,
        "test_macro_f1_std": 0.00044,
        "bin_0_1-5_loss_mean": 1.13338,
        "bin_0_1-5_loss_std": 0.01527,
        "bin_0_1-5_accuracy_mean": 0.55093,
        "bin_0_1-5_accuracy_std": 0.00655,
        "bin_0_1-5_weighted_f1_mean": 0.53907,
        "bin_0_1-5_weighted_f1_std": 0.00615,
        "bin_0_1-5_macro_f1_mean": 0.48837,
        "bin_0_1-5_macro_f1_std": 0.00854,
        "bin_11_56-60_loss_mean": 1.39709,
        "bin_11_56-60_loss_std": 0.30826,
        "bin_11_56-60_accuracy_mean": 0.33333,
        "bin_11_56-60_accuracy_std": 0.4714,
        "bin_11_56-60_weighted_f1_mean": 0.33333,
        "bin_11_56-60_weighted_f1_std": 0.4714,
        "bin_11_56-60_macro_f1_mean": 0.33333,
        "bin_11_56-60_macro_f1_std": 0.4714,
        "bin_1_6-10_loss_mean": 0.38487,
        "bin_1_6-10_loss_std": 0.00791,
        "bin_1_6-10_accuracy_mean": 0.52315,
        "bin_1_6-10_accuracy_std": 0.00346,
        "bin_1_6-10_weighted_f1_mean": 0.52958,
        "bin_1_6-10_weighted_f1_std": 0.00361,
        "bin_1_6-10_macro_f1_mean": 0.52452,
        "bin_1_6-10_macro_f1_std": 0.00298,
        "bin_2_11-15_loss_mean": 0.28022,
        "bin_2_11-15_loss_std": 0.00421,
        "bin_2_11-15_accuracy_mean": 0.47215,
        "bin_2_11-15_accuracy_std": 0.01004,
        "bin_2_11-15_weighted_f1_mean": 0.4642,
        "bin_2_11-15_weighted_f1_std": 0.01123,
        "bin_2_11-15_macro_f1_mean": 0.4494,
        "bin_2_11-15_macro_f1_std": 0.01131,
        "bin_3_16-20_loss_mean": 0.30126,
        "bin_3_16-20_loss_std": 0.00766,
        "bin_3_16-20_accuracy_mean": 0.478,
        "bin_3_16-20_accuracy_std": 0.01476,
        "bin_3_16-20_weighted_f1_mean": 0.4637,
        "bin_3_16-20_weighted_f1_std": 0.01123,
        "bin_3_16-20_macro_f1_mean": 0.45008,
        "bin_3_16-20_macro_f1_std": 0.01045,
        "bin_4_21-25_loss_mean": 0.35598,
        "bin_4_21-25_loss_std": 0.00548,
        "bin_4_21-25_accuracy_mean": 0.42667,
        "bin_4_21-25_accuracy_std": 0.0176,
        "bin_4_21-25_weighted_f1_mean": 0.41021,
        "bin_4_21-25_weighted_f1_std": 0.02106,
        "bin_4_21-25_macro_f1_mean": 0.39566,
        "bin_4_21-25_macro_f1_std": 0.0237,
        "bin_5_26-30_loss_mean": 0.47749,
        "bin_5_26-30_loss_std": 0.01917,
        "bin_5_26-30_accuracy_mean": 0.44121,
        "bin_5_26-30_accuracy_std": 0.00618,
        "bin_5_26-30_weighted_f1_mean": 0.43618,
        "bin_5_26-30_weighted_f1_std": 0.01059,
        "bin_5_26-30_macro_f1_mean": 0.409,
        "bin_5_26-30_macro_f1_std": 0.01068,
        "bin_6_31-35_loss_mean": 0.63452,
        "bin_6_31-35_loss_std": 0.01912,
        "bin_6_31-35_accuracy_mean": 0.36735,
        "bin_6_31-35_accuracy_std": 0.02421,
        "bin_6_31-35_weighted_f1_mean": 0.35353,
        "bin_6_31-35_weighted_f1_std": 0.01591,
        "bin_6_31-35_macro_f1_mean": 0.35118,
        "bin_6_31-35_macro_f1_std": 0.01517,
        "bin_7_36-40_loss_mean": 1.39019,
        "bin_7_36-40_loss_std": 0.01745,
        "bin_7_36-40_accuracy_mean": 0.47556,
        "bin_7_36-40_accuracy_std": 0.02514,
        "bin_7_36-40_weighted_f1_mean": 0.46088,
        "bin_7_36-40_weighted_f1_std": 0.01831,
        "bin_7_36-40_macro_f1_mean": 0.46602,
        "bin_7_36-40_macro_f1_std": 0.02306,
        "bin_8_41-45_loss_mean": 1.22531,
        "bin_8_41-45_loss_std": 0.06078,
        "bin_8_41-45_accuracy_mean": 0.38462,
        "bin_8_41-45_accuracy_std": 0.06281,
        "bin_8_41-45_weighted_f1_mean": 0.3274,
        "bin_8_41-45_weighted_f1_std": 0.06977,
        "bin_8_41-45_macro_f1_mean": 0.32723,
        "bin_8_41-45_macro_f1_std": 0.06048,
        "bin_9_46-50_loss_mean": 1.4721,
        "bin_9_46-50_loss_std": 0.17667,
        "bin_9_46-50_accuracy_mean": 0.44444,
        "bin_9_46-50_accuracy_std": 0.07857,
        "bin_9_46-50_weighted_f1_mean": 0.46852,
        "bin_9_46-50_weighted_f1_std": 0.10407,
        "bin_9_46-50_macro_f1_mean": 0.32222,
        "bin_9_46-50_macro_f1_std": 0.05949
    },
    "max_epochs": [
        12,
        12,
        13
    ],
    "train_epoch_losses_list": [
        [
            0.6627739935367134,
            0.5178469456673974,
            0.46503008428687037,
            0.43011499437647804,
            0.4051445243189312,
            0.38638906957398,
            0.3708259016508601,
            0.3583899189737015,
            0.34719163358374755,
            0.3379893274351092,
            0.32932022619112183,
            0.3215627945166705,
            0.31442461790683124
        ],
        [
            0.6637783049954122,
            0.5183099267395076,
            0.46564820407655133,
            0.4303994625690211,
            0.4054010272410834,
            0.3860500505505966,
            0.3709442084174201,
            0.35822691760245995,
            0.347608110597809,
            0.338083556397047,
            0.3299972261528081,
            0.3220845667502503,
            0.3156235542655551
        ],
        [
            0.6629347701867422,
            0.5172700405540601,
            0.4648480822735922,
            0.4303272967642182,
            0.4056226126208365,
            0.3864512309222154,
            0.3713847490520171,
            0.3588320611333343,
            0.3478176872681751,
            0.33818346408891004,
            0.32977117060542294,
            0.3222170823569962,
            0.31508982057955714,
            0.3084886164079436
        ]
    ],
    "val_epoch_metrics_list": [
        [
            {
                "loss": 0.13890980055302748,
                "accuracy": 0.44959128065395093,
                "weighted_f1": 0.43229663697313103,
                "macro_f1": 0.41668131753579374
            },
            {
                "loss": 0.13938619913878264,
                "accuracy": 0.44141689373297005,
                "weighted_f1": 0.43178635988461794,
                "macro_f1": 0.4304649551216366
            },
            {
                "loss": 0.14109327910858907,
                "accuracy": 0.4695731153496821,
                "weighted_f1": 0.4626939774233137,
                "macro_f1": 0.45664964562484345
            },
            {
                "loss": 0.145453033623872,
                "accuracy": 0.46321525885558584,
                "weighted_f1": 0.450902665433945,
                "macro_f1": 0.4482733563053941
            },
            {
                "loss": 0.1490066272241098,
                "accuracy": 0.45776566757493187,
                "weighted_f1": 0.4473635678153149,
                "macro_f1": 0.4354822709705603
            },
            {
                "loss": 0.15478093535811813,
                "accuracy": 0.44686648501362397,
                "weighted_f1": 0.43687509046093276,
                "macro_f1": 0.43243279564453
            },
            {
                "loss": 0.15588418937023774,
                "accuracy": 0.44595821980018163,
                "weighted_f1": 0.4427700513064779,
                "macro_f1": 0.43526995206510677
            },
            {
                "loss": 0.15932881390606915,
                "accuracy": 0.4405086285195277,
                "weighted_f1": 0.43483304090925307,
                "macro_f1": 0.42556187566171755
            },
            {
                "loss": 0.16313987602422267,
                "accuracy": 0.43505903723887374,
                "weighted_f1": 0.42990418238054495,