{
    "args": {
        "model": "PTDeepCBOW",
        "supervise_nodes": true,
        "batch_size": 128,
        "max_epochs": 100,
        "eval_every": 1,
        "patience": 10,
        "trainable_embeddings": false,
        "word_embeddings": "glove"
    },
    "metrics_summary": {
        "test_loss_mean": 0.06954,
        "test_loss_std": 0.00043,
        "test_accuracy_mean": 0.44977,
        "test_accuracy_std": 0.00242,
        "test_weighted_f1_mean": 0.43703,
        "test_weighted_f1_std": 0.00439,
        "test_macro_f1_mean": 0.41739,
        "test_macro_f1_std": 0.00534,
        "bin_0_1-5_loss_mean": 1.04109,
        "bin_0_1-5_loss_std": 0.00958,
        "bin_0_1-5_accuracy_mean": 0.55093,
        "bin_0_1-5_accuracy_std": 0.03274,
        "bin_0_1-5_weighted_f1_mean": 0.54395,
        "bin_0_1-5_weighted_f1_std": 0.031,
        "bin_0_1-5_macro_f1_mean": 0.52322,
        "bin_0_1-5_macro_f1_std": 0.02094,
        "bin_11_56-60_loss_mean": 1.45062,
        "bin_11_56-60_loss_std": 0.12222,
        "bin_11_56-60_accuracy_mean": 0.0,
        "bin_11_56-60_accuracy_std": 0.0,
        "bin_11_56-60_weighted_f1_mean": 0.0,
        "bin_11_56-60_weighted_f1_std": 0.0,
        "bin_11_56-60_macro_f1_mean": 0.0,
        "bin_11_56-60_macro_f1_std": 0.0,
        "bin_1_6-10_loss_mean": 0.39939,
        "bin_1_6-10_loss_std": 0.00361,
        "bin_1_6-10_accuracy_mean": 0.50278,
        "bin_1_6-10_accuracy_std": 0.00818,
        "bin_1_6-10_weighted_f1_mean": 0.50425,
        "bin_1_6-10_weighted_f1_std": 0.00746,
        "bin_1_6-10_macro_f1_mean": 0.48754,
        "bin_1_6-10_macro_f1_std": 0.00382,
        "bin_2_11-15_loss_mean": 0.28422,
        "bin_2_11-15_loss_std": 0.00399,
        "bin_2_11-15_accuracy_mean": 0.45885,
        "bin_2_11-15_accuracy_std": 0.01239,
        "bin_2_11-15_weighted_f1_mean": 0.44301,
        "bin_2_11-15_weighted_f1_std": 0.01859,
        "bin_2_11-15_macro_f1_mean": 0.42285,
        "bin_2_11-15_macro_f1_std": 0.02169,
        "bin_3_16-20_loss_mean": 0.30209,
        "bin_3_16-20_loss_std": 0.0024,
        "bin_3_16-20_accuracy_mean": 0.4616,
        "bin_3_16-20_accuracy_std": 0.00738,
        "bin_3_16-20_weighted_f1_mean": 0.44307,
        "bin_3_16-20_weighted_f1_std": 0.00633,
        "bin_3_16-20_macro_f1_mean": 0.42118,
        "bin_3_16-20_macro_f1_std": 0.00859,
        "bin_4_21-25_loss_mean": 0.35874,
        "bin_4_21-25_loss_std": 0.00225,
        "bin_4_21-25_accuracy_mean": 0.395,
        "bin_4_21-25_accuracy_std": 0.00354,
        "bin_4_21-25_weighted_f1_mean": 0.36913,
        "bin_4_21-25_weighted_f1_std": 0.00478,
        "bin_4_21-25_macro_f1_mean": 0.34945,
        "bin_4_21-25_macro_f1_std": 0.00674,
        "bin_5_26-30_loss_mean": 0.43864,
        "bin_5_26-30_loss_std": 0.00883,
        "bin_5_26-30_accuracy_mean": 0.44242,
        "bin_5_26-30_accuracy_std": 0.01688,
        "bin_5_26-30_weighted_f1_mean": 0.41526,
        "bin_5_26-30_weighted_f1_std": 0.02207,
        "bin_5_26-30_macro_f1_mean": 0.36572,
        "bin_5_26-30_macro_f1_std": 0.02766,
        "bin_6_31-35_loss_mean": 0.62538,
        "bin_6_31-35_loss_std": 0.00423,
        "bin_6_31-35_accuracy_mean": 0.40816,
        "bin_6_31-35_accuracy_std": 0.03888,
        "bin_6_31-35_weighted_f1_mean": 0.37889,
        "bin_6_31-35_weighted_f1_std": 0.04594,
        "bin_6_31-35_macro_f1_mean": 0.35469,
        "bin_6_31-35_macro_f1_std": 0.04485,
        "bin_7_36-40_loss_mean": 1.34994,
        "bin_7_36-40_loss_std": 0.02148,
        "bin_7_36-40_accuracy_mean": 0.4,
        "bin_7_36-40_accuracy_std": 0.01089,
        "bin_7_36-40_weighted_f1_mean": 0.36022,
        "bin_7_36-40_weighted_f1_std": 0.01529,
        "bin_7_36-40_macro_f1_mean": 0.32219,
        "bin_7_36-40_macro_f1_std": 0.01627,
        "bin_8_41-45_loss_mean": 1.27168,
        "bin_8_41-45_loss_std": 0.02068,
        "bin_8_41-45_accuracy_mean": 0.41026,
        "bin_8_41-45_accuracy_std": 0.01813,
        "bin_8_41-45_weighted_f1_mean": 0.33923,
        "bin_8_41-45_weighted_f1_std": 0.02247,
        "bin_8_41-45_macro_f1_mean": 0.34665,
        "bin_8_41-45_macro_f1_std": 0.02839,
        "bin_9_46-50_loss_mean": 1.22952,
        "bin_9_46-50_loss_std": 0.09053,
        "bin_9_46-50_accuracy_mean": 0.44444,
        "bin_9_46-50_accuracy_std": 0.07857,
        "bin_9_46-50_weighted_f1_mean": 0.45185,
        "bin_9_46-50_weighted_f1_std": 0.08381,
        "bin_9_46-50_macro_f1_mean": 0.32593,
        "bin_9_46-50_macro_f1_std": 0.0419
    },
    "max_epochs": [
        16,
        19,
        13
    ],
    "train_epoch_losses_list": [
        [
            0.7183072995598514,
            0.6089632400604481,
            0.5942802912845672,
            0.5844347466815245,
            0.5758343092246048,
            0.567746629247643,
            0.5601293065108603,
            0.5527227434194144,
            0.545498975787271,
            0.5386618365517618,
            0.532012971424161,
            0.5257221446817096,
            0.5196686287837595,
            0.51383549061273,
            0.5084251428900377,
            0.503428176919899,
            0.49853981831963634
        ],
        [
            0.7218978328977206,
            0.6092903124451264,
            0.5946640470684601,
            0.5846683908492933,
            0.5760749076173899,
            0.5679077348542139,
            0.5601576539179156,
            0.55260531464373,
            0.5453796097207144,
            0.5384653326887666,
            0.531954621881573,
            0.5254880919213026,
            0.5197866144641091,
            0.513857525535779,
            0.5082402893798266,
            0.5032118227163764,
            0.4982228905009179,
            0.4939359247404645,
            0.4892515443696849,
            0.4853719602658155
        ],
        [
            0.7209962667177354,
            0.609437134355913,
            0.5946774799639071,
            0.5843054958282502,
            0.5755600105615476,
            0.5672476556099636,
            0.5593856998219363,
            0.5518669569646248,
            0.5446165071709989,
            0.5373415931103188,
            0.5307787950726369,
            0.5244063700845171,
            0.5182114517977913,
            0.5122466418361626
        ]
    ],
    "val_epoch_metrics_list": [
        [
            {
                "loss": 0.14273628187768253,
                "accuracy": 0.43505903723887374,
                "weighted_f1": 0.41376926237327605,
                "macro_f1": 0.39882819304420136
            },
            {
                "loss": 0.14181944911862596,
                "accuracy": 0.44504995458673935,
                "weighted_f1": 0.4320232129695673,
                "macro_f1": 0.43279048921634755
            },
            {
                "loss": 0.1401868631810318,
                "accuracy": 0.44959128065395093,
                "weighted_f1": 0.4359332289912613,
                "macro_f1": 0.4331325789361669
            },
            {
                "loss": 0.14123480261108023,
                "accuracy": 0.44323342415985467,
                "weighted_f1": 0.4250573458292303,
                "macro_f1": 0.42014856522064126
            },
            {
                "loss": 0.1404608752992418,
                "accuracy": 0.44868301544050865,
                "weighted_f1": 0.4340754618856721,
                "macro_f1": 0.4235213081921588
            },
            {
                "loss": 0.14095068566593122,
                "accuracy": 0.44232515894641233,
                "weighted_f1": 0.4225009799994807,
                "macro_f1": 0.42096920015549727
            },
            {
                "loss": 0.13996024190643686,
                "accuracy": 0.45231607629427795,
                "weighted_f1": 0.4428302479211605,
                "macro_f1": 0.4351657147659753
            },
            {
                "loss": 0.14016835777847855,