{
    "args": {
        "model": "PTDeepCBOW",
        "supervise_nodes": true,
        "batch_size": 128,
        "max_epochs": 100,
        "eval_every": 1,
        "patience": 10,
        "trainable_embeddings": true,
        "word_embeddings": "word2vec"
    },
    "metrics_summary": {
        "test_loss_mean": 0.07495,
        "test_loss_std": 0.00147,
        "test_accuracy_mean": 0.44419,
        "test_accuracy_std": 0.00797,
        "test_weighted_f1_mean": 0.44406,
        "test_weighted_f1_std": 0.00755,
        "test_macro_f1_mean": 0.4321,
        "test_macro_f1_std": 0.00725,
        "bin_0_1-5_loss_mean": 1.06902,
        "bin_0_1-5_loss_std": 0.00484,
        "bin_0_1-5_accuracy_mean": 0.59722,
        "bin_0_1-5_accuracy_std": 0.01134,
        "bin_0_1-5_weighted_f1_mean": 0.57686,
        "bin_0_1-5_weighted_f1_std": 0.01179,
        "bin_0_1-5_macro_f1_mean": 0.52521,
        "bin_0_1-5_macro_f1_std": 0.0102,
        "bin_11_56-60_loss_mean": 1.5215,
        "bin_11_56-60_loss_std": 0.31308,
        "bin_11_56-60_accuracy_mean": 0.0,
        "bin_11_56-60_accuracy_std": 0.0,
        "bin_11_56-60_weighted_f1_mean": 0.0,
        "bin_11_56-60_weighted_f1_std": 0.0,
        "bin_11_56-60_macro_f1_mean": 0.0,
        "bin_11_56-60_macro_f1_std": 0.0,
        "bin_1_6-10_loss_mean": 0.43581,
        "bin_1_6-10_loss_std": 0.01,
        "bin_1_6-10_accuracy_mean": 0.475,
        "bin_1_6-10_accuracy_std": 0.00227,
        "bin_1_6-10_weighted_f1_mean": 0.48555,
        "bin_1_6-10_weighted_f1_std": 0.00188,
        "bin_1_6-10_macro_f1_mean": 0.4793,
        "bin_1_6-10_macro_f1_std": 0.00482,
        "bin_2_11-15_loss_mean": 0.3018,
        "bin_2_11-15_loss_std": 0.00658,
        "bin_2_11-15_accuracy_mean": 0.43641,
        "bin_2_11-15_accuracy_std": 0.00734,
        "bin_2_11-15_weighted_f1_mean": 0.43386,
        "bin_2_11-15_weighted_f1_std": 0.00847,
        "bin_2_11-15_macro_f1_mean": 0.41999,
        "bin_2_11-15_macro_f1_std": 0.00872,
        "bin_3_16-20_loss_mean": 0.32204,
        "bin_3_16-20_loss_std": 0.0079,
        "bin_3_16-20_accuracy_mean": 0.47129,
        "bin_3_16-20_accuracy_std": 0.01039,
        "bin_3_16-20_weighted_f1_mean": 0.46916,
        "bin_3_16-20_weighted_f1_std": 0.01048,
        "bin_3_16-20_macro_f1_mean": 0.45587,
        "bin_3_16-20_macro_f1_std": 0.01236,
        "bin_4_21-25_loss_mean": 0.40006,
        "bin_4_21-25_loss_std": 0.0176,
        "bin_4_21-25_accuracy_mean": 0.40667,
        "bin_4_21-25_accuracy_std": 0.00236,
        "bin_4_21-25_weighted_f1_mean": 0.40377,
        "bin_4_21-25_weighted_f1_std": 0.00279,
        "bin_4_21-25_macro_f1_mean": 0.39566,
        "bin_4_21-25_macro_f1_std": 0.00354,
        "bin_5_26-30_loss_mean": 0.52697,
        "bin_5_26-30_loss_std": 0.02235,
        "bin_5_26-30_accuracy_mean": 0.41697,
        "bin_5_26-30_accuracy_std": 0.01124,
        "bin_5_26-30_weighted_f1_mean": 0.41419,
        "bin_5_26-30_weighted_f1_std": 0.01081,
        "bin_5_26-30_macro_f1_mean": 0.39215,
        "bin_5_26-30_macro_f1_std": 0.00958,
        "bin_6_31-35_loss_mean": 0.69713,
        "bin_6_31-35_loss_std": 0.02782,
        "bin_6_31-35_accuracy_mean": 0.38322,
        "bin_6_31-35_accuracy_std": 0.03348,
        "bin_6_31-35_weighted_f1_mean": 0.3753,
        "bin_6_31-35_weighted_f1_std": 0.03234,
        "bin_6_31-35_macro_f1_mean": 0.37217,
        "bin_6_31-35_macro_f1_std": 0.02626,
        "bin_7_36-40_loss_mean": 1.35155,
        "bin_7_36-40_loss_std": 0.02627,
        "bin_7_36-40_accuracy_mean": 0.48,
        "bin_7_36-40_accuracy_std": 0.01089,
        "bin_7_36-40_weighted_f1_mean": 0.47082,
        "bin_7_36-40_weighted_f1_std": 0.01207,
        "bin_7_36-40_macro_f1_mean": 0.47442,
        "bin_7_36-40_macro_f1_std": 0.00462,
        "bin_8_41-45_loss_mean": 1.32043,
        "bin_8_41-45_loss_std": 0.06434,
        "bin_8_41-45_accuracy_mean": 0.38462,
        "bin_8_41-45_accuracy_std": 0.06281,
        "bin_8_41-45_weighted_f1_mean": 0.35753,
        "bin_8_41-45_weighted_f1_std": 0.07447,
        "bin_8_41-45_macro_f1_mean": 0.34358,
        "bin_8_41-45_macro_f1_std": 0.09196,
        "bin_9_46-50_loss_mean": 2.11731,
        "bin_9_46-50_loss_std": 0.26014,
        "bin_9_46-50_accuracy_mean": 0.27778,
        "bin_9_46-50_accuracy_std": 0.07857,
        "bin_9_46-50_weighted_f1_mean": 0.23333,
        "bin_9_46-50_weighted_f1_std": 0.12571,
        "bin_9_46-50_macro_f1_mean": 0.19074,
        "bin_9_46-50_macro_f1_std": 0.07595
    },
    "max_epochs": [
        12,
        13,
        12
    ],
    "train_epoch_losses_list": [
        [
            0.6858999617222888,
            0.526322678524377,
            0.47653314696278,
            0.44479258926891385,
            0.4220267380463872,
            0.40493160209885226,
            0.3907487922419498,
            0.37900130064204823,
            0.36923057956734734,
            0.36073960392431287,
            0.3528027695097927,
            0.3458344430104481,
            0.33956380007738984
        ],
        [
            0.6910628273453511,
            0.5261817158014748,
            0.476265447811808,
            0.4437727613231759,
            0.4211873407643259,
            0.4033964885360851,
            0.3894584064309213,
            0.377890770558227,
            0.3682925557201737,
            0.35971260392609894,
            0.35232806178932086,
            0.34495501779894316,
            0.3388603571889826,
            0.332889776455358
        ],
        [
            0.6920417890372411,
            0.5271485376525933,
            0.4757635763296872,
            0.44300939829463315,
            0.41964910793845456,
            0.40167202472873326,
            0.38793251311904947,
            0.3759371318995766,
            0.36634616233723266,
            0.3573920698501228,
            0.35014385967887063,
            0.3431908275599771,
            0.3368414546449046
        ]
    ],
    "val_epoch_metrics_list": [
        [
            {
                "loss": 0.14267153651626022,
                "accuracy": 0.4368755676657584,
                "weighted_f1": 0.41907272806065965,
                "macro_f1": 0.39628256860057676
            },
            {
                "loss": 0.1456331102936356,
                "accuracy": 0.46139872842870117,
                "weighted_f1": 0.45894243377244603,
                "macro_f1": 0.4580264245076767
            },
            {
                "loss": 0.14960894908434078,
                "accuracy": 0.4659400544959128,
                "weighted_f1": 0.4620713209096788,
                "macro_f1": 0.4623176277871542
            },
            {
                "loss": 0.15442844379095386,
                "accuracy": 0.45594913714804725,
                "weighted_f1": 0.44840489556684904,
                "macro_f1": 0.44827954712732937
            },
            {
                "loss": 0.160154245517872,
                "accuracy": 0.4550408719346049,
                "weighted_f1": 0.448564992888132,
                "macro_f1": 0.43724091978856167
            },
            {
                "loss": 0.16482007209165597,
                "accuracy": 0.44232515894641233,
                "weighted_f1": 0.434333463656842,
                "macro_f1": 0.4310527614062213
            },
            {
                "loss": 0.16497473216351166,
                "accuracy": 0.45322434150772023,
                "weighted_f1": 0.44863160716562783,
                "macro_f1": 0.43939469285353294
            },
            {
                "loss": 0.16941312065830938,
                "accuracy": 0.44868301544050865,
                "weighted_f1": 0.4428060297981409,
                "macro_f1": 0.43164077968436076
            },
            {
                "loss": 0.17533980917047573,
                "accuracy": 0.4396003633060854,
                "weighted_f1": 0.4348211998567494,