{
    "args": {
        "model": "TreeLSTM",
        "supervise_nodes": true,
        "batch_size": 512,
        "max_epochs": 50,
        "eval_every": 1,
        "patience": 5,
        "trainable_embeddings": false,
        "word_embeddings": "word2vec"
    },
    "metrics_summary": {
        "test_loss_mean": 0.24213,
        "test_loss_std": 0.00826,
        "test_accuracy_mean": 0.48567,
        "test_accuracy_std": 0.00918,
        "test_weighted_f1_mean": 0.47712,
        "test_weighted_f1_std": 0.00976,
        "test_macro_f1_mean": 0.45975,
        "test_macro_f1_std": 0.01316,
        "bin_0_1-5_loss_mean": 0.88626,
        "bin_0_1-5_loss_std": 0.01742,
        "bin_0_1-5_accuracy_mean": 0.64352,
        "bin_0_1-5_accuracy_std": 0.04293,
        "bin_0_1-5_weighted_f1_mean": 0.62749,
        "bin_0_1-5_weighted_f1_std": 0.0393,
        "bin_0_1-5_macro_f1_mean": 0.58402,
        "bin_0_1-5_macro_f1_std": 0.0465,
        "bin_11_56-60_loss_mean": 1.80364,
        "bin_11_56-60_loss_std": 0.27012,
        "bin_11_56-60_accuracy_mean": 0.0,
        "bin_11_56-60_accuracy_std": 0.0,
        "bin_11_56-60_weighted_f1_mean": 0.0,
        "bin_11_56-60_weighted_f1_std": 0.0,
        "bin_11_56-60_macro_f1_mean": 0.0,
        "bin_11_56-60_macro_f1_std": 0.0,
        "bin_1_6-10_loss_mean": 1.12646,
        "bin_1_6-10_loss_std": 0.02158,
        "bin_1_6-10_accuracy_mean": 0.53148,
        "bin_1_6-10_accuracy_std": 0.01309,
        "bin_1_6-10_weighted_f1_mean": 0.53156,
        "bin_1_6-10_weighted_f1_std": 0.01435,
        "bin_1_6-10_macro_f1_mean": 0.51433,
        "bin_1_6-10_macro_f1_std": 0.01522,
        "bin_2_11-15_loss_mean": 1.27927,
        "bin_2_11-15_loss_std": 0.03389,
        "bin_2_11-15_accuracy_mean": 0.45137,
        "bin_2_11-15_accuracy_std": 0.00539,
        "bin_2_11-15_weighted_f1_mean": 0.43656,
        "bin_2_11-15_weighted_f1_std": 0.00546,
        "bin_2_11-15_macro_f1_mean": 0.41573,
        "bin_2_11-15_macro_f1_std": 0.00703,
        "bin_3_16-20_loss_mean": 1.14969,
        "bin_3_16-20_loss_std": 0.01996,
        "bin_3_16-20_accuracy_mean": 0.52125,
        "bin_3_16-20_accuracy_std": 0.01561,
        "bin_3_16-20_weighted_f1_mean": 0.50361,
        "bin_3_16-20_weighted_f1_std": 0.01414,
        "bin_3_16-20_macro_f1_mean": 0.48348,
        "bin_3_16-20_macro_f1_std": 0.01755,
        "bin_4_21-25_loss_mean": 1.32181,
        "bin_4_21-25_loss_std": 0.06614,
        "bin_4_21-25_accuracy_mean": 0.43667,
        "bin_4_21-25_accuracy_std": 0.01328,
        "bin_4_21-25_weighted_f1_mean": 0.41836,
        "bin_4_21-25_weighted_f1_std": 0.01527,
        "bin_4_21-25_macro_f1_mean": 0.40316,
        "bin_4_21-25_macro_f1_std": 0.01923,
        "bin_5_26-30_loss_mean": 1.2849,
        "bin_5_26-30_loss_std": 0.0625,
        "bin_5_26-30_accuracy_mean": 0.46545,
        "bin_5_26-30_accuracy_std": 0.01071,
        "bin_5_26-30_weighted_f1_mean": 0.45161,
        "bin_5_26-30_weighted_f1_std": 0.00985,
        "bin_5_26-30_macro_f1_mean": 0.40904,
        "bin_5_26-30_macro_f1_std": 0.00078,
        "bin_6_31-35_loss_mean": 1.24762,
        "bin_6_31-35_loss_std": 0.06627,
        "bin_6_31-35_accuracy_mean": 0.46032,
        "bin_6_31-35_accuracy_std": 0.01156,
        "bin_6_31-35_weighted_f1_mean": 0.44334,
        "bin_6_31-35_weighted_f1_std": 0.00548,
        "bin_6_31-35_macro_f1_mean": 0.43629,
        "bin_6_31-35_macro_f1_std": 0.00737,
        "bin_7_36-40_loss_mean": 1.32841,
        "bin_7_36-40_loss_std": 0.11847,
        "bin_7_36-40_accuracy_mean": 0.48,
        "bin_7_36-40_accuracy_std": 0.01886,
        "bin_7_36-40_weighted_f1_mean": 0.45017,
        "bin_7_36-40_weighted_f1_std": 0.01668,
        "bin_7_36-40_macro_f1_mean": 0.43959,
        "bin_7_36-40_macro_f1_std": 0.02084,
        "bin_8_41-45_loss_mean": 1.3272,
        "bin_8_41-45_loss_std": 0.07733,
        "bin_8_41-45_accuracy_mean": 0.5,
        "bin_8_41-45_accuracy_std": 0.0314,
        "bin_8_41-45_weighted_f1_mean": 0.44971,
        "bin_8_41-45_weighted_f1_std": 0.04695,
        "bin_8_41-45_macro_f1_mean": 0.43086,
        "bin_8_41-45_macro_f1_std": 0.06771,
        "bin_9_46-50_loss_mean": 1.53481,
        "bin_9_46-50_loss_std": 0.21977,
        "bin_9_46-50_accuracy_mean": 0.38889,
        "bin_9_46-50_accuracy_std": 0.20787,
        "bin_9_46-50_weighted_f1_mean": 0.35159,
        "bin_9_46-50_weighted_f1_std": 0.24044,
        "bin_9_46-50_macro_f1_mean": 0.24413,
        "bin_9_46-50_macro_f1_std": 0.15519
    },
    "max_epochs": [
        17,
        12,
        11
    ],
    "train_epoch_losses_list": [
        [
            0.806537861462117,
            0.6319115507024368,
            0.6064913890358055,
            0.5916917624887726,
            0.5799083002203134,
            0.5692012103417297,
            0.5600000129712392,
            0.5505334336619608,
            0.5422902172999763,
            0.5342671526056687,
            0.5266290276729632,
            0.5207907052853484,
            0.5121856486200353,
            0.5064936235943497,
            0.5000030209014487,
            0.4938850011530803,
            0.48788008993966664,
            0.48242651105673284
        ],
        [
            0.8070950344881168,
            0.6320914655970482,
            0.6054265595191335,
            0.5907090596843027,
            0.5785362282082882,
            0.5677837551759443,
            0.5585600945031699,
            0.5494946856080832,
            0.5418237733169341,
            0.5338443054093255,
            0.5258035789912855,
            0.5194342968422856,
            0.5123098658657224
        ],
        [
            0.798246832987139,
            0.6295142928386145,
            0.6047397625278419,
            0.5894777396568484,
            0.5784453404994451,
            0.5667986588578828,
            0.5577548324875242,
            0.5486788392906458,
            0.54069191520576,
            0.5329058617586634,
            0.5251218634591975,
            0.518646753496594
        ]
    ],
    "val_epoch_metrics_list": [
        [
            {
                "loss": 0.4289425214131673,
                "accuracy": 0.4114441416893733,
                "weighted_f1": 0.38268250234993406,
                "macro_f1": 0.35370156321548835
            },
            {
                "loss": 0.42214588324228924,
                "accuracy": 0.43415077202543145,
                "weighted_f1": 0.413487032137484,
                "macro_f1": 0.40892319008909406
            },
            {
                "loss": 0.4028572373920017,
                "accuracy": 0.4405086285195277,
                "weighted_f1": 0.42368116424264424,
                "macro_f1": 0.41866329534853
            },
            {
                "loss": 0.4070830477608575,
                "accuracy": 0.44595821980018163,
                "weighted_f1": 0.4332458993595214,
                "macro_f1": 0.42498930032620913
            },
            {
                "loss": 0.39729638894399005,
                "accuracy": 0.45231607629427795,
                "weighted_f1": 0.4332651824615097,
                "macro_f1": 0.4152525203647027
            },
            {
                "loss": 0.40237507555219865,
                "accuracy": 0.4623069936421435,
                "weighted_f1": 0.4496073364382877,
                "macro_f1": 0.44292002468884173
            },
            {
                "loss": 0.41263197527991397,
                "accuracy": 0.45413260672116257,
                "weighted_f1": 0.4370778792418694,
                "macro_f1": 0.4248098985371134
            },
            {
                "loss": 0.39071165190802676,
                "accuracy": 0.46866485013623976,
                "weighted_f1": 0.4561463237121456,
                "macro_f1": 0.44831395471760677
            },
            {
                "loss": 0.4204647938410441,
                "accuracy": 0.4586739327883742,