{
    "args": {
        "model": "TreeLSTM",
        "supervise_nodes": false,
        "batch_size": 512,
        "max_epochs": 50,
        "eval_every": 1,
        "patience": 5,
        "trainable_embeddings": true,
        "word_embeddings": "glove"
    },
    "metrics_summary": {
        "test_loss_mean": 0.2503,
        "test_loss_std": 0.00173,
        "test_accuracy_mean": 0.44495,
        "test_accuracy_std": 0.00597,
        "test_weighted_f1_mean": 0.4114,
        "test_weighted_f1_std": 0.00337,
        "test_macro_f1_mean": 0.37537,
        "test_macro_f1_std": 0.00614,
        "bin_0_1-5_loss_mean": 1.25873,
        "bin_0_1-5_loss_std": 0.01525,
        "bin_0_1-5_accuracy_mean": 0.37963,
        "bin_0_1-5_accuracy_std": 0.01309,
        "bin_0_1-5_weighted_f1_mean": 0.32969,
        "bin_0_1-5_weighted_f1_std": 0.00622,
        "bin_0_1-5_macro_f1_mean": 0.3133,
        "bin_0_1-5_macro_f1_std": 0.00715,
        "bin_11_56-60_loss_mean": 1.46178,
        "bin_11_56-60_loss_std": 0.04846,
        "bin_11_56-60_accuracy_mean": 0.0,
        "bin_11_56-60_accuracy_std": 0.0,
        "bin_11_56-60_weighted_f1_mean": 0.0,
        "bin_11_56-60_weighted_f1_std": 0.0,
        "bin_11_56-60_macro_f1_mean": 0.0,
        "bin_11_56-60_macro_f1_std": 0.0,
        "bin_1_6-10_loss_mean": 1.16526,
        "bin_1_6-10_loss_std": 0.0113,
        "bin_1_6-10_accuracy_mean": 0.48796,
        "bin_1_6-10_accuracy_std": 0.00571,
        "bin_1_6-10_weighted_f1_mean": 0.44097,
        "bin_1_6-10_weighted_f1_std": 0.01028,
        "bin_1_6-10_macro_f1_mean": 0.388,
        "bin_1_6-10_macro_f1_std": 0.01134,
        "bin_2_11-15_loss_mean": 1.21924,
        "bin_2_11-15_loss_std": 0.00579,
        "bin_2_11-15_accuracy_mean": 0.44555,
        "bin_2_11-15_accuracy_std": 0.01045,
        "bin_2_11-15_weighted_f1_mean": 0.40499,
        "bin_2_11-15_weighted_f1_std": 0.00685,
        "bin_2_11-15_macro_f1_mean": 0.37253,
        "bin_2_11-15_macro_f1_std": 0.0055,
        "bin_3_16-20_loss_mean": 1.18404,
        "bin_3_16-20_loss_std": 0.00853,
        "bin_3_16-20_accuracy_mean": 0.47726,
        "bin_3_16-20_accuracy_std": 0.01243,
        "bin_3_16-20_weighted_f1_mean": 0.44661,
        "bin_3_16-20_weighted_f1_std": 0.01235,
        "bin_3_16-20_macro_f1_mean": 0.41507,
        "bin_3_16-20_macro_f1_std": 0.01414,
        "bin_4_21-25_loss_mean": 1.32985,
        "bin_4_21-25_loss_std": 0.01188,
        "bin_4_21-25_accuracy_mean": 0.39583,
        "bin_4_21-25_accuracy_std": 0.01532,
        "bin_4_21-25_weighted_f1_mean": 0.35603,
        "bin_4_21-25_weighted_f1_std": 0.00663,
        "bin_4_21-25_macro_f1_mean": 0.32397,
        "bin_4_21-25_macro_f1_std": 0.00282,
        "bin_5_26-30_loss_mean": 1.31934,
        "bin_5_26-30_loss_std": 0.0295,
        "bin_5_26-30_accuracy_mean": 0.43394,
        "bin_5_26-30_accuracy_std": 0.02853,
        "bin_5_26-30_weighted_f1_mean": 0.40987,
        "bin_5_26-30_weighted_f1_std": 0.02367,
        "bin_5_26-30_macro_f1_mean": 0.3555,
        "bin_5_26-30_macro_f1_std": 0.01647,
        "bin_6_31-35_loss_mean": 1.25365,
        "bin_6_31-35_loss_std": 0.00532,
        "bin_6_31-35_accuracy_mean": 0.41043,
        "bin_6_31-35_accuracy_std": 0.00321,
        "bin_6_31-35_weighted_f1_mean": 0.38436,
        "bin_6_31-35_weighted_f1_std": 0.00971,
        "bin_6_31-35_macro_f1_mean": 0.35109,
        "bin_6_31-35_macro_f1_std": 0.02022,
        "bin_7_36-40_loss_mean": 1.34431,
        "bin_7_36-40_loss_std": 0.0285,
        "bin_7_36-40_accuracy_mean": 0.44444,
        "bin_7_36-40_accuracy_std": 0.0274,
        "bin_7_36-40_weighted_f1_mean": 0.43751,
        "bin_7_36-40_weighted_f1_std": 0.03192,
        "bin_7_36-40_macro_f1_mean": 0.42777,
        "bin_7_36-40_macro_f1_std": 0.04677,
        "bin_8_41-45_loss_mean": 1.24074,
        "bin_8_41-45_loss_std": 0.03318,
        "bin_8_41-45_accuracy_mean": 0.5641,
        "bin_8_41-45_accuracy_std": 0.07252,
        "bin_8_41-45_weighted_f1_mean": 0.52653,
        "bin_8_41-45_weighted_f1_std": 0.0915,
        "bin_8_41-45_macro_f1_mean": 0.52763,
        "bin_8_41-45_macro_f1_std": 0.07799,
        "bin_9_46-50_loss_mean": 1.2419,
        "bin_9_46-50_loss_std": 0.12493,
        "bin_9_46-50_accuracy_mean": 0.38889,
        "bin_9_46-50_accuracy_std": 0.07857,
        "bin_9_46-50_weighted_f1_mean": 0.40926,
        "bin_9_46-50_weighted_f1_std": 0.08381,
        "bin_9_46-50_macro_f1_mean": 0.24722,
        "bin_9_46-50_macro_f1_std": 0.03143
    },
    "max_epochs": [
        12,
        13,
        12
    ],
    "train_epoch_losses_list": [
        [
            1.5834627361858593,
            1.557016085175907,
            1.5243916020673864,
            1.4258762387668384,
            1.3188475791145773,
            1.25355845339158,
            1.1910193948184742,
            1.1405600519741284,
            1.089419456089244,
            1.0327281075365402,
            0.9863633022588842,
            0.9311940634951872,
            0.8673925084226272
        ],
        [
            1.5775170466479134,
            1.5527009893866146,
            1.501801890485427,
            1.3745624037349926,
            1.2922194354674394,
            1.2336260571199305,
            1.1834213312934427,
            1.1314496853772331,
            1.0765564722173355,
            1.026247049079222,
            0.9716345843146829,
            0.9113345566917869,
            0.8621394318692824,
            0.8077106896568748
        ],
        [
            1.5785308164708756,
            1.557550879085765,
            1.5192446358063643,
            1.4029845840790693,
            1.3050326389424942,
            1.2409937101251938,
            1.1864855429705452,
            1.1362196627785177,
            1.0875543005326216,
            1.0345587344730602,
            0.9806609504363116,
            0.9199801753549015,
            0.861067813985488
        ]
    ],
    "val_epoch_metrics_list": [
        [
            {
                "loss": 0.5175279246436225,
                "accuracy": 0.2688465031789282,
                "weighted_f1": 0.16492477374932804,
                "macro_f1": 0.12845413041605652
            },
            {
                "loss": 0.5120588011211819,
                "accuracy": 0.30881017257039056,
                "weighted_f1": 0.2086738358964163,
                "macro_f1": 0.16190289927221868
            },
            {
                "loss": 0.49268078804016113,
                "accuracy": 0.3496821071752952,
                "weighted_f1": 0.2381459533224804,
                "macro_f1": 0.18462358988551875
            },
            {
                "loss": 0.4719829824235704,
                "accuracy": 0.4087193460490463,
                "weighted_f1": 0.33154502710263045,
                "macro_f1": 0.296726315676626
            },
            {
                "loss": 0.4619971248838637,
                "accuracy": 0.4123524069028156,
                "weighted_f1": 0.3443395195823498,
                "macro_f1": 0.30872884956968144
            },
            {
                "loss": 0.4383751418855455,
                "accuracy": 0.43415077202543145,
                "weighted_f1": 0.3729433048555689,
                "macro_f1": 0.33943612050316896
            },
            {
                "loss": 0.43766037623087567,
                "accuracy": 0.4287011807447775,
                "weighted_f1": 0.3613245636500229,
                "macro_f1": 0.32874350780807315
            },
            {
                "loss": 0.4547445906533136,
                "accuracy": 0.4396003633060854,
                "weighted_f1": 0.3975093312572529,
                "macro_f1": 0.37319357440714984
            },
            {
                "loss": 0.4444355832205878,
                "accuracy": 0.4323342415985468,
                "weighted_f1": 0.4022496394701002,