{
    "args": {
        "model": "TreeLSTM",
        "supervise_nodes": false,
        "batch_size": 512,
        "max_epochs": 50,
        "eval_every": 1,
        "patience": 5,
        "trainable_embeddings": true,
        "word_embeddings": "word2vec"
    },
    "metrics_summary": {
        "test_loss_mean": 0.25809,
        "test_loss_std": 0.00168,
        "test_accuracy_mean": 0.42308,
        "test_accuracy_std": 0.00483,
        "test_weighted_f1_mean": 0.3738,
        "test_weighted_f1_std": 0.00983,
        "test_macro_f1_mean": 0.32308,
        "test_macro_f1_std": 0.01102,
        "bin_0_1-5_loss_mean": 1.31696,
        "bin_0_1-5_loss_std": 0.00497,
        "bin_0_1-5_accuracy_mean": 0.3287,
        "bin_0_1-5_accuracy_std": 0.02619,
        "bin_0_1-5_weighted_f1_mean": 0.24153,
        "bin_0_1-5_weighted_f1_std": 0.04913,
        "bin_0_1-5_macro_f1_mean": 0.23044,
        "bin_0_1-5_macro_f1_std": 0.04279,
        "bin_11_56-60_loss_mean": 2.53465,
        "bin_11_56-60_loss_std": 0.73023,
        "bin_11_56-60_accuracy_mean": 0.0,
        "bin_11_56-60_accuracy_std": 0.0,
        "bin_11_56-60_weighted_f1_mean": 0.0,
        "bin_11_56-60_weighted_f1_std": 0.0,
        "bin_11_56-60_macro_f1_mean": 0.0,
        "bin_11_56-60_macro_f1_std": 0.0,
        "bin_1_6-10_loss_mean": 1.20969,
        "bin_1_6-10_loss_std": 0.01763,
        "bin_1_6-10_accuracy_mean": 0.45093,
        "bin_1_6-10_accuracy_std": 0.01732,
        "bin_1_6-10_weighted_f1_mean": 0.3894,
        "bin_1_6-10_weighted_f1_std": 0.02416,
        "bin_1_6-10_macro_f1_mean": 0.32976,
        "bin_1_6-10_macro_f1_std": 0.02252,
        "bin_2_11-15_loss_mean": 1.24912,
        "bin_2_11-15_loss_std": 0.0046,
        "bin_2_11-15_accuracy_mean": 0.43308,
        "bin_2_11-15_accuracy_std": 0.00655,
        "bin_2_11-15_weighted_f1_mean": 0.37195,
        "bin_2_11-15_weighted_f1_std": 0.01349,
        "bin_2_11-15_macro_f1_mean": 0.32853,
        "bin_2_11-15_macro_f1_std": 0.01467,
        "bin_3_16-20_loss_mean": 1.21661,
        "bin_3_16-20_loss_std": 0.01116,
        "bin_3_16-20_accuracy_mean": 0.46383,
        "bin_3_16-20_accuracy_std": 0.01321,
        "bin_3_16-20_weighted_f1_mean": 0.41751,
        "bin_3_16-20_weighted_f1_std": 0.01905,
        "bin_3_16-20_macro_f1_mean": 0.35414,
        "bin_3_16-20_macro_f1_std": 0.01975,
        "bin_4_21-25_loss_mean": 1.41268,
        "bin_4_21-25_loss_std": 0.03439,
        "bin_4_21-25_accuracy_mean": 0.36333,
        "bin_4_21-25_accuracy_std": 0.00965,
        "bin_4_21-25_weighted_f1_mean": 0.31264,
        "bin_4_21-25_weighted_f1_std": 0.00352,
        "bin_4_21-25_macro_f1_mean": 0.27377,
        "bin_4_21-25_macro_f1_std": 0.00224,
        "bin_5_26-30_loss_mean": 1.35434,
        "bin_5_26-30_loss_std": 0.01169,
        "bin_5_26-30_accuracy_mean": 0.43758,
        "bin_5_26-30_accuracy_std": 0.01124,
        "bin_5_26-30_weighted_f1_mean": 0.40581,
        "bin_5_26-30_weighted_f1_std": 0.01354,
        "bin_5_26-30_macro_f1_mean": 0.33956,
        "bin_5_26-30_macro_f1_std": 0.01393,
        "bin_6_31-35_loss_mean": 1.31013,
        "bin_6_31-35_loss_std": 0.03485,
        "bin_6_31-35_accuracy_mean": 0.39456,
        "bin_6_31-35_accuracy_std": 0.0147,
        "bin_6_31-35_weighted_f1_mean": 0.34859,
        "bin_6_31-35_weighted_f1_std": 0.0227,
        "bin_6_31-35_macro_f1_mean": 0.29766,
        "bin_6_31-35_macro_f1_std": 0.02827,
        "bin_7_36-40_loss_mean": 1.4052,
        "bin_7_36-40_loss_std": 0.05061,
        "bin_7_36-40_accuracy_mean": 0.41333,
        "bin_7_36-40_accuracy_std": 0.03266,
        "bin_7_36-40_weighted_f1_mean": 0.38375,
        "bin_7_36-40_weighted_f1_std": 0.03564,
        "bin_7_36-40_macro_f1_mean": 0.33723,
        "bin_7_36-40_macro_f1_std": 0.03017,
        "bin_8_41-45_loss_mean": 1.38693,
        "bin_8_41-45_loss_std": 0.06969,
        "bin_8_41-45_accuracy_mean": 0.42308,
        "bin_8_41-45_accuracy_std": 0.0314,
        "bin_8_41-45_weighted_f1_mean": 0.3679,
        "bin_8_41-45_weighted_f1_std": 0.03647,
        "bin_8_41-45_macro_f1_mean": 0.33762,
        "bin_8_41-45_macro_f1_std": 0.03349,
        "bin_9_46-50_loss_mean": 0.99122,
        "bin_9_46-50_loss_std": 0.1166,
        "bin_9_46-50_accuracy_mean": 0.38889,
        "bin_9_46-50_accuracy_std": 0.07857,
        "bin_9_46-50_weighted_f1_mean": 0.42778,
        "bin_9_46-50_weighted_f1_std": 0.09106,
        "bin_9_46-50_macro_f1_mean": 0.275,
        "bin_9_46-50_macro_f1_std": 0.04462
    },
    "max_epochs": [
        12,
        12,
        11
    ],
    "train_epoch_losses_list": [
        [
            1.5900071438621073,
            1.5657403679455029,
            1.5564498690997852,
            1.5229711462469662,
            1.3974224539364086,
            1.2772591955521528,
            1.183177583357867,
            1.091659335529103,
            1.0117624331923092,
            0.9276137772728416,
            0.843438891803517,
            0.7714174004162059,
            0.6874294912113863
        ],
        [
            1.5920309178969438,
            1.5672092718236588,
            1.5585390960468966,
            1.5346788939307718,
            1.4237492224749397,
            1.297167097820955,
            1.1999112227383781,
            1.1159028796588673,
            1.0272304205333485,
            0.9508060392211465,
            0.8811693226589876,
            0.8021584363544688,
            0.7221933568225187
        ],
        [
            1.588616833967321,
            1.565711680580588,
            1.5522923820159014,
            1.4999982469222124,
            1.3600197188994463,
            1.2511399072759293,
            1.1568662138546215,
            1.0698265117757462,
            1.0030413024565752,
            0.9185508138993207,
            0.8401257606113658,
            0.7646460498080534
        ]
    ],
    "val_epoch_metrics_list": [
        [
            {
                "loss": 0.5193390448888143,
                "accuracy": 0.2851952770208901,
                "weighted_f1": 0.19371947187923963,
                "macro_f1": 0.15002518891687658
            },
            {
                "loss": 0.5186218023300171,
                "accuracy": 0.26612170753860126,
                "weighted_f1": 0.1303044141035894,
                "macro_f1": 0.1021322206836907
            },
            {
                "loss": 0.5146662261750963,
                "accuracy": 0.29155313351498635,
                "weighted_f1": 0.18421554671480192,
                "macro_f1": 0.14327095598542192
            },
            {
                "loss": 0.4931369622548421,
                "accuracy": 0.35149863760217986,
                "weighted_f1": 0.2396234097941979,
                "macro_f1": 0.18576449185479205
            },
            {
                "loss": 0.4644850492477417,
                "accuracy": 0.3932788374205268,
                "weighted_f1": 0.305199285016065,
                "macro_f1": 0.26553295773936486
            },
            {
                "loss": 0.45142723454369443,
                "accuracy": 0.39872842870118075,
                "weighted_f1": 0.312025514911858,
                "macro_f1": 0.26927683176485945
            },
            {
                "loss": 0.44765567779541016,
                "accuracy": 0.4187102633969119,
                "weighted_f1": 0.3622285099561157,
                "macro_f1": 0.3262111586615867
            },
            {
                "loss": 0.45470697349972194,
                "accuracy": 0.4305177111716621,
                "weighted_f1": 0.38597291366775155,
                "macro_f1": 0.3497355892967863
            },
            {
                "loss": 0.47165301111009383,
                "accuracy": 0.42052679382379654,
                "weighted_f1": 0.38144426515200835,
                "macro_f1": 0.34636385896551547
            },
            {
                "loss": 0.5039334826999241,