{
    "args": {
        "model": "TreeLSTM",
        "supervise_nodes": true,
        "batch_size": 512,
        "max_epochs": 50,
        "eval_every": 1,
        "patience": 5,
        "trainable_embeddings": true,
        "word_embeddings": "glove"
    },
    "metrics_summary": {
        "test_loss_mean": 0.24256,
        "test_loss_std": 0.00768,
        "test_accuracy_mean": 0.48929,
        "test_accuracy_std": 0.00559,
        "test_weighted_f1_mean": 0.48535,
        "test_weighted_f1_std": 0.00271,
        "test_macro_f1_mean": 0.47325,
        "test_macro_f1_std": 6e-05,
        "bin_0_1-5_loss_mean": 0.91977,
        "bin_0_1-5_loss_std": 0.01806,
        "bin_0_1-5_accuracy_mean": 0.57407,
        "bin_0_1-5_accuracy_std": 0.01309,
        "bin_0_1-5_weighted_f1_mean": 0.55418,
        "bin_0_1-5_weighted_f1_std": 0.01146,
        "bin_0_1-5_macro_f1_mean": 0.5054,
        "bin_0_1-5_macro_f1_std": 0.01368,
        "bin_11_56-60_loss_mean": 1.19051,
        "bin_11_56-60_loss_std": 0.52351,
        "bin_11_56-60_accuracy_mean": 0.33333,
        "bin_11_56-60_accuracy_std": 0.4714,
        "bin_11_56-60_weighted_f1_mean": 0.33333,
        "bin_11_56-60_weighted_f1_std": 0.4714,
        "bin_11_56-60_macro_f1_mean": 0.33333,
        "bin_11_56-60_macro_f1_std": 0.4714,
        "bin_1_6-10_loss_mean": 1.07243,
        "bin_1_6-10_loss_std": 0.04101,
        "bin_1_6-10_accuracy_mean": 0.56944,
        "bin_1_6-10_accuracy_std": 0.02616,
        "bin_1_6-10_weighted_f1_mean": 0.57156,
        "bin_1_6-10_weighted_f1_std": 0.02587,
        "bin_1_6-10_macro_f1_mean": 0.56381,
        "bin_1_6-10_macro_f1_std": 0.02007,
        "bin_2_11-15_loss_mean": 1.21013,
        "bin_2_11-15_loss_std": 0.04548,
        "bin_2_11-15_accuracy_mean": 0.46301,
        "bin_2_11-15_accuracy_std": 0.00311,
        "bin_2_11-15_weighted_f1_mean": 0.45601,
        "bin_2_11-15_weighted_f1_std": 0.00148,
        "bin_2_11-15_macro_f1_mean": 0.44153,
        "bin_2_11-15_macro_f1_std": 0.00206,
        "bin_3_16-20_loss_mean": 1.14735,
        "bin_3_16-20_loss_std": 0.02431,
        "bin_3_16-20_accuracy_mean": 0.51529,
        "bin_3_16-20_accuracy_std": 0.00738,
        "bin_3_16-20_weighted_f1_mean": 0.50481,
        "bin_3_16-20_weighted_f1_std": 0.0067,
        "bin_3_16-20_macro_f1_mean": 0.49214,
        "bin_3_16-20_macro_f1_std": 0.00953,
        "bin_4_21-25_loss_mean": 1.2438,
        "bin_4_21-25_loss_std": 0.01892,
        "bin_4_21-25_accuracy_mean": 0.46583,
        "bin_4_21-25_accuracy_std": 0.00589,
        "bin_4_21-25_weighted_f1_mean": 0.45199,
        "bin_4_21-25_weighted_f1_std": 0.01198,
        "bin_4_21-25_macro_f1_mean": 0.43842,
        "bin_4_21-25_macro_f1_std": 0.01494,
        "bin_5_26-30_loss_mean": 1.33644,
        "bin_5_26-30_loss_std": 0.04034,
        "bin_5_26-30_accuracy_mean": 0.43273,
        "bin_5_26-30_accuracy_std": 0.00594,
        "bin_5_26-30_weighted_f1_mean": 0.42071,
        "bin_5_26-30_weighted_f1_std": 0.00726,
        "bin_5_26-30_macro_f1_mean": 0.38741,
        "bin_5_26-30_macro_f1_std": 0.00569,
        "bin_6_31-35_loss_mean": 1.31691,
        "bin_6_31-35_loss_std": 0.03987,
        "bin_6_31-35_accuracy_mean": 0.40363,
        "bin_6_31-35_accuracy_std": 0.01603,
        "bin_6_31-35_weighted_f1_mean": 0.3878,
        "bin_6_31-35_weighted_f1_std": 0.01212,
        "bin_6_31-35_macro_f1_mean": 0.37582,
        "bin_6_31-35_macro_f1_std": 0.01035,
        "bin_7_36-40_loss_mean": 1.27076,
        "bin_7_36-40_loss_std": 0.09232,
        "bin_7_36-40_accuracy_mean": 0.51556,
        "bin_7_36-40_accuracy_std": 0.03326,
        "bin_7_36-40_weighted_f1_mean": 0.50183,
        "bin_7_36-40_weighted_f1_std": 0.03187,
        "bin_7_36-40_macro_f1_mean": 0.49527,
        "bin_7_36-40_macro_f1_std": 0.03406,
        "bin_8_41-45_loss_mean": 1.30312,
        "bin_8_41-45_loss_std": 0.06155,
        "bin_8_41-45_accuracy_mean": 0.44872,
        "bin_8_41-45_accuracy_std": 0.03626,
        "bin_8_41-45_weighted_f1_mean": 0.3955,
        "bin_8_41-45_weighted_f1_std": 0.0386,
        "bin_8_41-45_macro_f1_mean": 0.41873,
        "bin_8_41-45_macro_f1_std": 0.03556,
        "bin_9_46-50_loss_mean": 1.01984,
        "bin_9_46-50_loss_std": 0.14062,
        "bin_9_46-50_accuracy_mean": 0.61111,
        "bin_9_46-50_accuracy_std": 0.07857,
        "bin_9_46-50_weighted_f1_mean": 0.62169,
        "bin_9_46-50_weighted_f1_std": 0.06737,
        "bin_9_46-50_macro_f1_mean": 0.375,
        "bin_9_46-50_macro_f1_std": 0.06575
    },
    "max_epochs": [
        7,
        7,
        7
    ],
    "train_epoch_losses_list": [
        [
            0.7038618539327374,
            0.4828230615979256,
            0.4192842402275366,
            0.3835571909641063,
            0.3609834575037441,
            0.3427985985887256,
            0.3286917225016115,
            0.315924938039414
        ],
        [
            0.698301376171515,
            0.4851749027745451,
            0.42135423095386726,
            0.3868981695884084,
            0.36297559462989065,
            0.3448925855947026,
            0.3305572469096415,
            0.31814420894837714
        ],
        [
            0.7054279141116403,
            0.4846881739037324,
            0.4209775694752336,
            0.38568691198068417,
            0.3624181802004156,
            0.3445725614009702,
            0.33034610561735006,
            0.3182876432818799
        ]
    ],
    "val_epoch_metrics_list": [
        [
            {
                "loss": 0.4032285478379991,
                "accuracy": 0.46321525885558584,
                "weighted_f1": 0.4477287224951242,
                "macro_f1": 0.4390709033004742
            },
            {
                "loss": 0.41898194948832196,
                "accuracy": 0.4786557674841054,
                "weighted_f1": 0.45990436475173196,
                "macro_f1": 0.4595746781697267
            },
            {
                "loss": 0.41415178775787354,
                "accuracy": 0.4877384196185286,
                "weighted_f1": 0.475682959160448,
                "macro_f1": 0.47713008736742646
            },
            {
                "loss": 0.44846108224656844,
                "accuracy": 0.46139872842870117,
                "weighted_f1": 0.4483489984817395,
                "macro_f1": 0.44644263678661356
            },
            {
                "loss": 0.43788060877058244,
                "accuracy": 0.4868301544050863,
                "weighted_f1": 0.4794994825437149,
                "macro_f1": 0.4708872456531129
            },
            {
                "loss": 0.4987740119298299,
                "accuracy": 0.48138056312443234,
                "weighted_f1": 0.472395912827817,
                "macro_f1": 0.4684461794282231
            },
            {
                "loss": 0.4592496156692505,
                "accuracy": 0.4659400544959128,
                "weighted_f1": 0.46022182568990433,
                "macro_f1": 0.4556487881056611
            },
            {
                "loss": 0.4758924113379584,
                "accuracy": 0.4659400544959128,
                "weighted_f1": 0.45896869677760227,
                "macro_f1": 0.45547088600784563
            }
        ],
        [
            {
                "loss": 0.408205853568183,
                "accuracy": 0.4750227066303361,
                "weighted_f1": 0.4560093111214016,
                "macro_f1": 0.45177361426553925
            },
            {
                "loss": 0.39222674899631077,
                "accuracy": 0.47774750227066304,
                "weighted_f1": 0.46549364190683706,
                "macro_f1": 0.4556762593235253
            },
            {
                "loss": 0.44540358914269346,
                "accuracy": 0.48047229791099,
                "weighted_f1": 0.4742340599066826,