{
    "args": {
        "model": "TreeLSTM",
        "supervise_nodes": true,
        "batch_size": 512,
        "max_epochs": 50,
        "eval_every": 1,
        "patience": 5,
        "trainable_embeddings": true,
        "word_embeddings": "word2vec"
    },
    "metrics_summary": {
        "test_loss_mean": 0.25824,
        "test_loss_std": 0.01505,
        "test_accuracy_mean": 0.46335,
        "test_accuracy_std": 0.00242,
        "test_weighted_f1_mean": 0.45497,
        "test_weighted_f1_std": 0.0023,
        "test_macro_f1_mean": 0.43768,
        "test_macro_f1_std": 0.00664,
        "bin_0_1-5_loss_mean": 0.96506,
        "bin_0_1-5_loss_std": 0.01632,
        "bin_0_1-5_accuracy_mean": 0.58796,
        "bin_0_1-5_accuracy_std": 0.02361,
        "bin_0_1-5_weighted_f1_mean": 0.5707,
        "bin_0_1-5_weighted_f1_std": 0.01036,
        "bin_0_1-5_macro_f1_mean": 0.52737,
        "bin_0_1-5_macro_f1_std": 0.00285,
        "bin_11_56-60_loss_mean": 1.63152,
        "bin_11_56-60_loss_std": 0.48328,
        "bin_11_56-60_accuracy_mean": 0.0,
        "bin_11_56-60_accuracy_std": 0.0,
        "bin_11_56-60_weighted_f1_mean": 0.0,
        "bin_11_56-60_weighted_f1_std": 0.0,
        "bin_11_56-60_macro_f1_mean": 0.0,
        "bin_11_56-60_macro_f1_std": 0.0,
        "bin_1_6-10_loss_mean": 1.20343,
        "bin_1_6-10_loss_std": 0.05597,
        "bin_1_6-10_accuracy_mean": 0.52778,
        "bin_1_6-10_accuracy_std": 0.00818,
        "bin_1_6-10_weighted_f1_mean": 0.52792,
        "bin_1_6-10_weighted_f1_std": 0.00836,
        "bin_1_6-10_macro_f1_mean": 0.51627,
        "bin_1_6-10_macro_f1_std": 0.01033,
        "bin_2_11-15_loss_mean": 1.28326,
        "bin_2_11-15_loss_std": 0.07829,
        "bin_2_11-15_accuracy_mean": 0.44805,
        "bin_2_11-15_accuracy_std": 0.01836,
        "bin_2_11-15_weighted_f1_mean": 0.43691,
        "bin_2_11-15_weighted_f1_std": 0.01299,
        "bin_2_11-15_macro_f1_mean": 0.41644,
        "bin_2_11-15_macro_f1_std": 0.01109,
        "bin_3_16-20_loss_mean": 1.22634,
        "bin_3_16-20_loss_std": 0.05886,
        "bin_3_16-20_accuracy_mean": 0.48695,
        "bin_3_16-20_accuracy_std": 0.0116,
        "bin_3_16-20_weighted_f1_mean": 0.47126,
        "bin_3_16-20_weighted_f1_std": 0.01123,
        "bin_3_16-20_macro_f1_mean": 0.45054,
        "bin_3_16-20_macro_f1_std": 0.00766,
        "bin_4_21-25_loss_mean": 1.37919,
        "bin_4_21-25_loss_std": 0.07681,
        "bin_4_21-25_accuracy_mean": 0.41833,
        "bin_4_21-25_accuracy_std": 0.01359,
        "bin_4_21-25_weighted_f1_mean": 0.39893,
        "bin_4_21-25_weighted_f1_std": 0.01957,
        "bin_4_21-25_macro_f1_mean": 0.38375,
        "bin_4_21-25_macro_f1_std": 0.0265,
        "bin_5_26-30_loss_mean": 1.40636,
        "bin_5_26-30_loss_std": 0.11355,
        "bin_5_26-30_accuracy_mean": 0.4303,
        "bin_5_26-30_accuracy_std": 0.00171,
        "bin_5_26-30_weighted_f1_mean": 0.41558,
        "bin_5_26-30_weighted_f1_std": 0.0049,
        "bin_5_26-30_macro_f1_mean": 0.37553,
        "bin_5_26-30_macro_f1_std": 0.0076,
        "bin_6_31-35_loss_mean": 1.38851,
        "bin_6_31-35_loss_std": 0.04817,
        "bin_6_31-35_accuracy_mean": 0.40363,
        "bin_6_31-35_accuracy_std": 0.03528,
        "bin_6_31-35_weighted_f1_mean": 0.37806,
        "bin_6_31-35_weighted_f1_std": 0.04143,
        "bin_6_31-35_macro_f1_mean": 0.35666,
        "bin_6_31-35_macro_f1_std": 0.04504,
        "bin_7_36-40_loss_mean": 1.33039,
        "bin_7_36-40_loss_std": 0.04746,
        "bin_7_36-40_accuracy_mean": 0.47556,
        "bin_7_36-40_accuracy_std": 0.02266,
        "bin_7_36-40_weighted_f1_mean": 0.45362,
        "bin_7_36-40_weighted_f1_std": 0.01123,
        "bin_7_36-40_macro_f1_mean": 0.44148,
        "bin_7_36-40_macro_f1_std": 0.02228,
        "bin_8_41-45_loss_mean": 1.33596,
        "bin_8_41-45_loss_std": 0.0475,
        "bin_8_41-45_accuracy_mean": 0.42308,
        "bin_8_41-45_accuracy_std": 0.0314,
        "bin_8_41-45_weighted_f1_mean": 0.37007,
        "bin_8_41-45_weighted_f1_std": 0.03362,
        "bin_8_41-45_macro_f1_mean": 0.37066,
        "bin_8_41-45_macro_f1_std": 0.00908,
        "bin_9_46-50_loss_mean": 1.37578,
        "bin_9_46-50_loss_std": 0.18982,
        "bin_9_46-50_accuracy_mean": 0.44444,
        "bin_9_46-50_accuracy_std": 0.07857,
        "bin_9_46-50_weighted_f1_mean": 0.45185,
        "bin_9_46-50_weighted_f1_std": 0.08381,
        "bin_9_46-50_macro_f1_mean": 0.3037,
        "bin_9_46-50_macro_f1_std": 0.07333
    },
    "max_epochs": [
        10,
        6,
        6
    ],
    "train_epoch_losses_list": [
        [
            0.718810134510479,
            0.48527801172087826,
            0.4305327039369395,
            0.4008625605389919,
            0.3810017075337155,
            0.36612023443496655,
            0.35331102128319897,
            0.3414888785851767,
            0.3309322158122473,
            0.32075459942664714,
            0.31106853592377126
        ],
        [
            0.7210374816389338,
            0.4861850900362728,
            0.42961005976129213,
            0.3997877316668933,
            0.380506178629417,
            0.36453861133406795,
            0.3523545044595274
        ],
        [
            0.7096714040203274,
            0.48219043305595527,
            0.4278203961155224,
            0.3984344239712508,
            0.3791181655463665,
            0.3638448515595032,
            0.35055421836126205
        ]
    ],
    "val_epoch_metrics_list": [
        [
            {
                "loss": 0.4347340928183661,
                "accuracy": 0.45413260672116257,
                "weighted_f1": 0.4356875834607089,
                "macro_f1": 0.4172414360080441
            },
            {
                "loss": 0.42946048577626544,
                "accuracy": 0.44141689373297005,
                "weighted_f1": 0.4259488984042582,
                "macro_f1": 0.42526662214726063
            },
            {
                "loss": 0.44018481837378604,
                "accuracy": 0.44868301544050865,
                "weighted_f1": 0.4412240268211555,
                "macro_f1": 0.44107980144350795
            },
            {
                "loss": 0.4651676283942328,
                "accuracy": 0.444141689373297,
                "weighted_f1": 0.43283393866913306,
                "macro_f1": 0.43146071546968623
            },
            {
                "loss": 0.4806926118002997,
                "accuracy": 0.45322434150772023,
                "weighted_f1": 0.44519250705578983,
                "macro_f1": 0.4347336710027244
            },
            {
                "loss": 0.5127344131469727,
                "accuracy": 0.46139872842870117,
                "weighted_f1": 0.45418017874019734,
                "macro_f1": 0.44974685921810176
            },
            {
                "loss": 0.5081196758482192,
                "accuracy": 0.45413260672116257,
                "weighted_f1": 0.4504834179789722,
                "macro_f1": 0.44493623678580346
            },
            {
                "loss": 0.5160779158274332,
                "accuracy": 0.45231607629427795,
                "weighted_f1": 0.4441592025328788,
                "macro_f1": 0.43757304039915984
            },
            {
                "loss": 0.5404086112976074,
                "accuracy": 0.45594913714804725,
                "weighted_f1": 0.4501289524728424,
                "macro_f1": 0.4435260222001842
            },
            {
                "loss": 0.5734565258026123,
                "accuracy": 0.4550408719346049,
                "weighted_f1": 0.4495299518882676,
                "macro_f1": 0.4490371272609165
            },
            {
                "loss": 0.593154165479872,
                "accuracy": 0.44595821980018163,
                "weighted_f1": 0.4421823086057457,