{
    "args": {
        "model": "TreeLSTM",
        "supervise_nodes": true,
        "batch_size": 512,
        "max_epochs": 50,
        "eval_every": 1,
        "patience": 5,
        "trainable_embeddings": false,
        "word_embeddings": "glove"
    },
    "metrics_summary": {
        "test_loss_mean": 0.23142,
        "test_loss_std": 0.00061,
        "test_accuracy_mean": 0.49789,
        "test_accuracy_std": 0.00468,
        "test_weighted_f1_mean": 0.48876,
        "test_weighted_f1_std": 0.00407,
        "test_macro_f1_mean": 0.47582,
        "test_macro_f1_std": 0.00697,
        "bin_0_1-5_loss_mean": 0.91266,
        "bin_0_1-5_loss_std": 0.02379,
        "bin_0_1-5_accuracy_mean": 0.60185,
        "bin_0_1-5_accuracy_std": 0.01732,
        "bin_0_1-5_weighted_f1_mean": 0.59953,
        "bin_0_1-5_weighted_f1_std": 0.0188,
        "bin_0_1-5_macro_f1_mean": 0.56435,
        "bin_0_1-5_macro_f1_std": 0.02374,
        "bin_11_56-60_loss_mean": 2.08895,
        "bin_11_56-60_loss_std": 0.36286,
        "bin_11_56-60_accuracy_mean": 0.0,
        "bin_11_56-60_accuracy_std": 0.0,
        "bin_11_56-60_weighted_f1_mean": 0.0,
        "bin_11_56-60_weighted_f1_std": 0.0,
        "bin_11_56-60_macro_f1_mean": 0.0,
        "bin_11_56-60_macro_f1_std": 0.0,
        "bin_1_6-10_loss_mean": 1.06442,
        "bin_1_6-10_loss_std": 0.00672,
        "bin_1_6-10_accuracy_mean": 0.55648,
        "bin_1_6-10_accuracy_std": 0.00693,
        "bin_1_6-10_weighted_f1_mean": 0.55878,
        "bin_1_6-10_weighted_f1_std": 0.00675,
        "bin_1_6-10_macro_f1_mean": 0.54251,
        "bin_1_6-10_macro_f1_std": 0.00692,
        "bin_2_11-15_loss_mean": 1.17351,
        "bin_2_11-15_loss_std": 0.00793,
        "bin_2_11-15_accuracy_mean": 0.46883,
        "bin_2_11-15_accuracy_std": 0.01272,
        "bin_2_11-15_weighted_f1_mean": 0.45659,
        "bin_2_11-15_weighted_f1_std": 0.00992,
        "bin_2_11-15_macro_f1_mean": 0.43903,
        "bin_2_11-15_macro_f1_std": 0.00951,
        "bin_3_16-20_loss_mean": 1.09849,
        "bin_3_16-20_loss_std": 0.00529,
        "bin_3_16-20_accuracy_mean": 0.51156,
        "bin_3_16-20_accuracy_std": 0.00738,
        "bin_3_16-20_weighted_f1_mean": 0.49245,
        "bin_3_16-20_weighted_f1_std": 0.01417,
        "bin_3_16-20_macro_f1_mean": 0.48149,
        "bin_3_16-20_macro_f1_std": 0.01627,
        "bin_4_21-25_loss_mean": 1.21971,
        "bin_4_21-25_loss_std": 0.00969,
        "bin_4_21-25_accuracy_mean": 0.485,
        "bin_4_21-25_accuracy_std": 0.01137,
        "bin_4_21-25_weighted_f1_mean": 0.46659,
        "bin_4_21-25_weighted_f1_std": 0.01221,
        "bin_4_21-25_macro_f1_mean": 0.45464,
        "bin_4_21-25_macro_f1_std": 0.01578,
        "bin_5_26-30_loss_mean": 1.22675,
        "bin_5_26-30_loss_std": 0.00615,
        "bin_5_26-30_accuracy_mean": 0.47394,
        "bin_5_26-30_accuracy_std": 0.012,
        "bin_5_26-30_weighted_f1_mean": 0.45961,
        "bin_5_26-30_weighted_f1_std": 0.01818,
        "bin_5_26-30_macro_f1_mean": 0.42643,
        "bin_5_26-30_macro_f1_std": 0.0233,
        "bin_6_31-35_loss_mean": 1.19993,
        "bin_6_31-35_loss_std": 0.02041,
        "bin_6_31-35_accuracy_mean": 0.42404,
        "bin_6_31-35_accuracy_std": 0.02245,
        "bin_6_31-35_weighted_f1_mean": 0.40584,
        "bin_6_31-35_weighted_f1_std": 0.02952,
        "bin_6_31-35_macro_f1_mean": 0.40021,
        "bin_6_31-35_macro_f1_std": 0.03189,
        "bin_7_36-40_loss_mean": 1.20298,
        "bin_7_36-40_loss_std": 0.02997,
        "bin_7_36-40_accuracy_mean": 0.49333,
        "bin_7_36-40_accuracy_std": 0.01089,
        "bin_7_36-40_weighted_f1_mean": 0.45462,
        "bin_7_36-40_weighted_f1_std": 0.01898,
        "bin_7_36-40_macro_f1_mean": 0.4268,
        "bin_7_36-40_macro_f1_std": 0.02747,
        "bin_8_41-45_loss_mean": 1.09006,
        "bin_8_41-45_loss_std": 0.02633,
        "bin_8_41-45_accuracy_mean": 0.53846,
        "bin_8_41-45_accuracy_std": 0.0314,
        "bin_8_41-45_weighted_f1_mean": 0.50348,
        "bin_8_41-45_weighted_f1_std": 0.0397,
        "bin_8_41-45_macro_f1_mean": 0.50603,
        "bin_8_41-45_macro_f1_std": 0.04474,
        "bin_9_46-50_loss_mean": 1.59334,
        "bin_9_46-50_loss_std": 0.47269,
        "bin_9_46-50_accuracy_mean": 0.38889,
        "bin_9_46-50_accuracy_std": 0.07857,
        "bin_9_46-50_weighted_f1_mean": 0.42963,
        "bin_9_46-50_weighted_f1_std": 0.07333,
        "bin_9_46-50_macro_f1_mean": 0.24074,
        "bin_9_46-50_macro_f1_std": 0.08232
    },
    "max_epochs": [
        10,
        9,
        13
    ],
    "train_epoch_losses_list": [
        [
            0.7620829780336836,
            0.6056863507008142,
            0.5725398689555077,
            0.5509911666920114,
            0.5338807943188155,
            0.5192251303852631,
            0.5062867445005498,
            0.4947169022940694,
            0.483677454910741,
            0.4738560199550993,
            0.4634696280639123
        ],
        [
            0.7563381053285793,
            0.6059966408217643,
            0.5741566070741704,
            0.5529999887812679,
            0.5353021700057625,
            0.5202367702187134,
            0.507284746343541,
            0.49495374037066536,
            0.4840015201874555,
            0.4738362543459789
        ],
        [
            0.7640769976032359,
            0.6066048315060157,
            0.5740325051200968,
            0.5528135062756486,
            0.5365255475510641,
            0.5219750364248368,
            0.5092641613759532,
            0.4969607560380897,
            0.4862450467588756,
            0.4763335337008296,
            0.4668889086757654,
            0.45801340307055133,
            0.4492845651875826,
            0.44151434297666114
        ]
    ],
    "val_epoch_metrics_list": [
        [
            {
                "loss": 0.41020672851138645,
                "accuracy": 0.44959128065395093,
                "weighted_f1": 0.43396478652375253,
                "macro_f1": 0.4238453459036376
            },
            {
                "loss": 0.4095861249499851,
                "accuracy": 0.4659400544959128,
                "weighted_f1": 0.44610347420374263,
                "macro_f1": 0.44544002359124857
            },
            {
                "loss": 0.3917168113920424,
                "accuracy": 0.47229791099000906,
                "weighted_f1": 0.4544798362677912,
                "macro_f1": 0.4501339100303657
            },
            {
                "loss": 0.40489110681745744,
                "accuracy": 0.4822888283378747,
                "weighted_f1": 0.4706065188101844,
                "macro_f1": 0.4679607124069909
            },
            {
                "loss": 0.3884907563527425,
                "accuracy": 0.4677565849227975,
                "weighted_f1": 0.4530799440249451,
                "macro_f1": 0.4438841261903194
            },
            {
                "loss": 0.3955454296535916,
                "accuracy": 0.4841053587647593,
                "weighted_f1": 0.46988745545390376,
                "macro_f1": 0.46779140700528765
            },
            {
                "loss": 0.4178488387001886,
                "accuracy": 0.47593097184377836,
                "weighted_f1": 0.46093493663172364,
                "macro_f1": 0.4511374641709513
            },
            {
                "loss": 0.3978223668204413,
                "accuracy": 0.4750227066303361,
                "weighted_f1": 0.46609295308506077,
                "macro_f1": 0.4620892233356795
            },
            {
                "loss": 0.41571540302700466,
                "accuracy": 0.4786557674841054,
                "weighted_f1": 0.47215732125334575,
                "macro_f1": 0.4661697661045624
            },
            {
                "loss": 0.4421602090199788,
                "accuracy": 0.46139872842870117,
                "weighted_f1": 0.45132266506073315,